date,AVG,119,A13,ANHOL,B1,BO3,BY1,BY15,BY2,BY29,BY31,BY38,K,LL3A,LL7,N14,P1,P104,P116,BCSIII10,BY5,PL-R4,REFM1,SR5,US5B,ZN4,FOE-BHB,KATTEG_4,DMU_905,VSJ_20925,OMIOW4,FOE-B11,OMBMPK3,OMREGION1,W_BORNHOL,BY7,FOE-B14,BY10,BY39,FOE-BP3,121,BY17,F80,BY32,LL17,HANKO_2,KAS-11,SJA772,LOS-15,F64,PORI_1,US2,F18,F3,SR1A,FOE-B03,OMTF0018,FOE-B01,FYN_67,Ã–RESUND_2,E_BORNH
01.01.2003,0.387,0.105,0.1,0.799,0.113,0.1,0.692,0.147,0.384,0.109,0.922,0.907,0.22,0.1,0.1,0.812,0.149,0.265,0.167,0.115,0.605,0.21,0.526,0.1,0.1,0.169,0.528,0.565,1.194,0.653,0.647,0.51,0.494,0.362,0.395,0.428,0.592,0.123,0.5,0.624,0.116,0.205,0.607,0.724,0.1,0.1,0.1,0.1,0.102,0.1,0.1,0.1,0.1,0.1,0.1,0.518,0.545,0.488,0.632,0.496,0.437
01.02.2003,0.995,0.114,0.1,2.465,0.198,0.1,2.298,1.18,2.283,0.968,1.378,0.89,1.247,0.106,0.111,2.399,0.828,1.519,0.857,1.13,1.202,0.805,1.766,0.105,0.103,1.015,1.082,3.594,3.481,2.37,2.079,2.428,1.85,1.765,1.427,1.027,1.097,0.97,0.905,0.989,0.106,0.899,1.317,1.491,0.565,0.111,0.104,0.111,0.119,0.171,0.103,0.193,0.103,0.1,1.273,1.269,2.615,3.435,2.534,2.649,0.919
01.03.2003,2.076,0.536,0.104,3.255,2.358,0.102,3.757,2.174,4.107,1.811,1.649,2.159,7.676,0.543,0.753,2.658,3.305,6.805,3.519,2.789,3.285,3.24,4.61,1.915,0.183,3.832,2.897,3.356,3.639,3.274,3.672,3.941,3.358,3.833,3.073,2.573,2.42,2.464,2.911,3.796,0.431,1.825,1.701,1.715,1.665,0.841,0.386,1.085,2.066,1.36,0.114,1.257,0.217,0.101,1.502,2.844,3.848,3.256,3.877,4.447,2.839
01.04.2003,3.092,9.329,0.203,1.559,3.926,0.184,1.891,3.874,1.984,3.798,2.5,2.36,8.81,5.869,5.802,1.569,3.582,8.336,4.457,2.581,2.327,3.93,2.963,2.52,2.195,5.864,2.413,1.546,1.588,1.689,2.095,1.799,2.144,1.939,2.29,2.648,3.064,2.896,3.004,3.402,4.085,2.955,2.934,2.408,3.47,3.672,5.212,5.984,7.438,3.329,1.94,2.13,2.431,0.226,3.134,2.309,1.922,1.812,1.819,2.165,2.736
01.05.2003,2.708,6.141,2.7,1.965,2.512,1.091,1.615,2.02,1.866,2.322,2.16,1.746,5.845,11.025,6.575,2.097,1.738,4.033,1.95,2.408,1.54,2.869,2.276,2.499,3.705,2.864,1.553,1.949,1.656,1.656,1.58,1.727,1.649,1.535,1.516,1.83,2.059,2.004,1.875,2.315,5.624,2.057,2.287,2.288,2.363,3.498,6.674,6.497,2.975,3.087,3.147,3.528,4.893,1.611,3.032,1.587,2.012,1.565,1.74,2.824,1.667
01.06.2003,2.271,5.104,2.899,1.154,3.563,3.131,1.422,2.113,1.557,2.1,1.971,1.965,4.274,3.526,2.937,1.14,1.945,4.795,2.831,2.077,1.706,2.487,3.647,2.383,2.57,2.522,1.568,1.625,1.474,1.203,1.389,1.573,1.651,1.587,1.673,1.852,2.069,2.256,1.78,1.976,3.038,2.106,2.148,2.057,2.094,2.297,2.581,3.25,2.432,2.535,2.551,2.627,2.935,2.678,2.322,1.603,1.672,1.258,1.252,1.97,1.8
01.07.2003,2.331,3,2.876,1.143,6.387,3.162,1.434,2.814,1.681,3.046,2.426,2.494,4.557,2.896,2.452,1.266,2.419,3.226,2.605,1.957,1.56,2.005,2.947,1.806,1.851,2.68,1.488,1.295,1.246,1.235,1.478,1.628,1.903,1.898,1.488,1.717,2.081,2.585,2.519,2.713,2.588,3.028,3.061,2.574,2.416,2.043,2.255,3.645,3.327,2.206,1.861,1.89,2.377,3.213,1.905,1.684,2.573,1.258,1.355,2.932,1.675
01.08.2003,2.2,3.915,2.671,1.237,4.832,2.634,1.716,2.555,1.848,2.321,2.624,2.087,2.726,2.72,2.84,1.207,1.955,2.296,2.102,1.903,1.81,2.048,2.788,1.825,2.102,2.103,1.668,1.215,1.188,1.387,1.654,1.657,1.664,1.743,1.754,1.936,2.043,2.214,2.185,2.841,3.605,2.335,2.354,2.458,2.175,2.343,2.486,3.766,1.766,2.112,2.085,1.934,2.178,2.374,2.099,1.715,1.669,1.507,1.449,1.718,1.925
01.09.2003,1.949,3.178,2.997,1.229,3.429,2.587,1.644,1.434,1.923,1.792,1.901,1.424,2.209,2.73,2.478,1.287,1.417,1.833,1.467,1.42,1.418,1.395,1.824,1.853,2.27,1.763,1.356,1.178,1.156,1.146,1.681,1.728,1.582,1.589,1.337,1.539,1.397,1.426,1.396,1.588,3.001,1.717,1.452,1.562,1.814,2.083,2.743,1.936,1.519,2.309,2.02,1.954,2.641,2.117,2.264,1.446,1.619,1.243,1.294,1.959,1.488
01.10.2003,2.343,2.9,2.685,1.572,4.731,1.025,2.007,2.245,2.101,2.457,2.197,2.187,2.02,2.634,3.49,2.029,2.311,2.625,2.381,1.588,1.704,2.536,3.193,1.995,2.314,2.092,2.129,1.696,1.437,1.613,1.792,2.568,3.195,2.348,1.896,2.326,1.734,2.017,2.556,1.288,4.556,1.921,2.02,1.833,2.223,2.537,2.625,2.883,2.388,2.524,1.424,2.82,3.178,1.011,2.977,2.226,1.526,1.699,2.023,2.075,2.304
01.11.2003,1.302,1.048,0.16,2.25,1.235,0.164,2.13,1.143,2.044,0.825,0.788,1.027,2.405,0.721,0.845,2.339,2.272,2.984,2.735,1.328,1.719,2.078,1.885,0.263,0.235,2.398,1.837,2.297,2.131,2.333,2.115,2.138,2.283,1.964,1.735,1.851,1.508,1.224,1.611,1.84,0.933,1.071,0.847,0.87,0.876,0.811,0.722,0.902,2.182,0.686,0.396,0.251,0.275,0.168,0.644,1.893,1.926,1.976,1.976,2.767,1.826
01.12.2003,0.591,0.237,0.1,0.842,0.257,0.1,1.028,0.256,1.052,0.259,0.457,0.309,0.705,0.152,0.162,1.025,0.559,0.903,0.592,0.582,0.9,0.777,1.274,0.103,0.102,0.652,0.663,0.771,0.882,0.915,0.901,1.001,0.946,0.899,0.787,0.691,0.618,0.284,0.693,0.769,0.37,0.416,0.452,0.645,0.169,0.223,0.148,0.16,1.043,0.118,0.112,0.101,0.104,0.1,0.124,0.826,0.995,1.014,0.947,0.891,0.85
01.01.2004,0.413,1.448,0.1,0.6,0.158,0.1,0.871,0.103,0.988,0.171,0.221,0.17,0.357,0.1,0.1,0.69,0.533,0.454,0.345,0.143,0.339,0.386,0.765,0.104,0.1,0.444,0.769,0.461,0.49,0.647,1.259,1.131,0.989,0.98,0.511,0.636,0.326,0.14,0.47,0.864,0.677,0.128,0.108,0.217,0.159,0.112,0.1,0.101,0.178,0.1,0.133,0.1,0.1,0.1,0.432,0.923,0.561,0.679,0.635,0.664,0.362
01.02.2004,1.249,0.318,0.108,1.75,0.43,0.1,1.593,1.151,1.254,2.126,1.511,2.446,0.781,0.112,0.137,2.269,1.253,1.461,1.269,2.192,1.042,0.876,2.362,1.402,0.683,1.09,1.005,2.355,2.169,1.789,1.672,1.752,1.292,1.133,1.1,0.928,1.122,0.884,0.979,0.97,0.239,0.871,1.061,2.52,1.74,0.505,0.112,0.117,0.223,1.034,1.638,1.356,0.208,0.1,1.985,1.006,2.724,2.409,1.999,2.25,0.854
01.03.2004,2.158,1.254,0.105,2.761,3.874,0.104,2.934,1.916,3.331,2.125,2.117,2.548,4.235,1.003,0.997,3.447,2.721,5.314,2.939,2.483,2.146,2.807,4.84,2.263,1.211,3.138,3.093,3.216,2.168,2.659,3.34,3.103,4.279,3.433,3.248,2.819,2.046,1.8,2.363,2.501,0.641,2.141,1.843,2.316,2.222,2.227,0.899,0.932,3.59,1.467,1.865,1.117,0.335,0.104,0.597,3.54,5.179,4.495,3.852,4.562,2.22
01.04.2004,2.948,9.807,0.597,1.797,4.082,0.276,1.896,2.408,1.768,2.66,2.822,2.225,7.783,6.13,5.363,2.156,2.987,6.32,3.243,1.927,1.988,2.113,1.914,2.521,2.918,4.356,2.038,1.76,1.708,1.824,1.813,1.858,1.886,1.82,2.084,2,2.097,2.26,1.965,3.295,6.781,2.512,2.616,2.623,2.578,3.789,7.491,8.127,5.814,2.842,2.797,2.918,3.432,0.331,2.721,1.736,2.238,1.653,1.792,2.037,2.146
01.05.2004,2.869,7.888,2.636,1.56,2.638,2.335,1.88,2.242,2.49,2.308,2.219,2.089,6.128,9.016,4.185,2.36,3.157,5.094,3.198,2.41,1.69,2.788,2.119,2.669,2.588,4.365,1.911,1.903,1.618,1.95,1.887,2.461,2.062,1.824,1.8,2.147,2.208,2.153,1.763,3.267,12.435,2.232,2.352,2.097,2.289,2.603,6.715,4.646,2.695,2.797,2.459,2.672,3.739,1.475,2.97,2.126,1.908,2.087,1.701,3.065,1.798
01.06.2004,2.325,5.889,2.585,1.358,3.351,2.819,1.495,2.116,1.689,2.268,2.063,1.654,4.109,4.15,2.781,1.164,2.044,3.44,2.351,1.78,1.808,1.647,3.044,2.187,2.366,2.562,1.462,1.187,1.288,1.641,1.459,1.574,1.651,1.619,1.65,1.627,1.863,2.028,1.593,1.814,4.657,2.147,2.249,1.937,2.229,2.346,2.852,2.594,2.342,2.34,2.307,2.503,3.308,3.304,2.468,1.661,1.321,1.846,1.26,1.754,1.595
01.07.2004,2.357,3.683,2.741,1.498,4.191,2.918,1.538,2.018,1.572,2.318,2.26,2.02,4.103,4.275,3.34,2.239,2.316,2.852,2.429,2.082,1.689,1.965,3.994,2.116,2.154,2.398,1.668,1.283,1.479,1.537,1.465,1.558,1.582,1.752,1.569,1.776,2.253,2.109,1.984,2.788,5.407,2.131,2.026,2.135,2.361,2.8,3.528,3.887,3.545,2.245,1.762,2.592,2.918,3.14,1.936,1.765,3.091,1.537,1.556,2.329,2.017
01.08.2004,2.415,4.148,2.12,1.318,4.53,2.624,1.771,2.235,1.604,2.259,2.164,2.223,4.021,4.285,3.685,1.701,2.484,3.886,2.36,1.742,1.546,2.277,2.93,2.406,2.357,3.426,1.587,1.265,1.277,1.488,1.686,2.043,1.845,1.593,1.504,1.704,1.76,1.935,2.014,3.032,4.092,2.307,2.101,1.997,2.383,2.888,3.503,3.193,1.852,2.194,2.179,2.372,2.643,3.307,2.047,1.773,1.505,1.532,1.328,2.124,1.872
01.09.2004,2.481,2.958,6.41,1.383,5.786,5.912,1.864,2.566,1.61,2.763,2.471,2.155,2.5,4.981,3.206,1.289,1.623,2.591,1.971,1.859,1.803,2.137,3.336,1.928,2.6,2.048,1.701,1.334,1.312,1.418,1.751,1.761,1.474,1.595,1.783,1.976,2.126,2.074,1.963,1.986,3.45,2.547,2.475,2.272,2.965,2.206,2.499,1.406,1.662,2.835,1.912,2.656,3.652,8.313,3.121,1.366,1.395,1.358,1.35,1.541,1.816
01.10.2004,2.815,4.678,3.766,2.073,5.156,3.337,2.328,3.017,2.078,2.412,2.49,2.524,1.973,5.519,3.825,2.203,2.555,4.062,3.01,2.392,2.114,2.651,3.338,2.247,3.123,3.134,2.126,2.142,2.064,2.249,2.422,2.234,2.956,2.583,2.135,2.602,2.295,2.875,2.742,2.172,4.365,2.58,2.404,2.358,2.471,3.152,3.349,1.899,2.257,2.611,2.848,3.714,3.439,4.112,3.067,2.216,2.344,2.364,2.233,2.633,2.736
01.11.2004,1.784,1.322,0.354,2.372,1.481,0.464,2.764,1.795,2.511,1.33,1.58,2.209,3.113,1.218,1.461,2.714,2.634,3.765,2.911,2.099,2.034,3.222,2.598,1.194,0.465,2.582,1.578,2.481,2.389,3.191,2.363,2.12,2.643,2.623,2.689,1.731,2.084,1.982,1.77,2.296,1.37,1.917,1.777,1.299,1.264,1.541,0.947,1.026,1.971,1.011,1.135,0.717,0.533,0.404,1.521,2.261,2.064,2.477,2.776,2.581,1.825
01.12.2004,0.596,0.486,0.1,1.106,0.259,0.1,0.946,0.583,0.959,0.329,0.518,0.466,0.705,0.174,0.201,1.089,0.554,0.943,0.595,0.457,0.755,0.656,0.921,0.108,0.11,0.614,0.529,0.983,1.028,1.186,0.989,1.097,0.937,0.924,0.814,0.648,0.524,0.289,0.51,1.026,0.33,0.431,0.46,0.659,0.316,0.255,0.158,0.191,0.622,0.129,0.126,0.102,0.104,0.101,0.122,0.72,0.979,0.972,1.114,1.029,0.723
01.01.2005,0.895,0.688,0.1,1.74,0.198,0.1,1.375,0.653,1.303,1.162,0.542,0.835,0.334,0.112,0.108,1.888,0.299,0.724,0.325,0.568,1.156,0.547,1.808,0.129,0.1,0.421,0.77,1.451,1.575,1.473,1.638,1.646,1.372,1.079,0.893,0.817,0.748,0.265,0.94,0.306,0.65,0.731,0.84,1.351,1.051,0.279,0.1,0.104,0.446,0.116,0.1,0.1,0.1,0.1,0.447,0.861,2.2,2.001,1.784,1.533,0.95
01.02.2005,1.548,1.668,0.211,2.371,1.094,0.193,2.942,1.998,2.978,0.408,1.564,0.579,1.416,0.945,0.892,3.124,2.176,1.795,1.755,2.57,2.451,1.604,4.215,0.114,0.106,1.523,2.048,2.824,2.667,2.746,2.77,2.964,2.851,2.429,2.024,2.331,2.114,3.1,2.228,1.565,1.426,1.839,0.524,1.325,0.513,0.811,0.155,0.218,3.995,0.416,0.15,0.113,0.122,0.106,0.138,2.904,3.346,2.993,3.568,2.957,2.363
01.03.2005,2.282,4.851,0.1,4.078,4.064,0.15,3.658,2.219,2.963,1.931,1.681,1.997,4.338,1.783,1.914,3.895,2.725,5.054,2.482,2.088,2.089,2.466,3.752,2.107,2.137,2.906,1.959,4.347,4.659,2.512,3.68,4.272,3.76,2.257,2.139,2.322,2.345,2.17,1.903,4.084,4.29,2.282,2.222,1.89,2.185,2.833,1.372,1.534,3.832,0.94,2.506,1.106,0.935,0.1,0.595,2.307,3.916,2.895,3.216,3.761,1.945
01.04.2005,3.061,8.927,0.207,2.382,4.193,0.214,2.368,2.332,1.994,2.75,2.441,2.097,8.182,7.063,7.838,2.597,3.967,8.823,5.735,2.399,1.885,3.082,2.944,2.58,2.428,6.626,1.996,2.125,1.76,1.813,1.997,2.333,2.164,1.864,2.08,1.993,2.243,2.724,1.984,4.085,5.198,2.741,2.33,2.328,2.96,4.867,7.54,8.692,3.653,3.625,2.492,2.584,3.988,0.138,2.981,1.975,2.206,1.664,1.666,2.915,2.081
01.05.2005,2.838,6.892,3.439,1.546,3.175,3.915,1.491,2.219,1.656,2.429,2.099,1.765,3.895,7.744,7.385,1.696,1.921,4.303,2.611,1.984,1.636,1.88,2.155,2.723,2.925,4.329,1.578,1.723,1.538,1.4,1.568,1.487,1.434,1.349,1.595,1.862,2.024,2.306,1.795,3.829,6.689,2.116,2.168,2.096,2.442,4.097,6.877,6.639,2.706,3.205,2.75,2.772,3.753,3.015,3.12,1.495,1.41,1.364,1.389,2.638,1.643
01.06.2005,2.447,6.496,2.531,1.177,3.3,2.552,1.274,1.957,1.36,1.898,1.808,1.515,4.097,6.38,3.739,1.202,2.7,4.211,3.27,1.74,1.468,2.15,3.027,2.118,2.206,3.195,1.47,1.371,1.199,1.284,1.374,1.357,1.486,1.442,1.446,1.939,2.348,2.035,1.55,2.107,6.95,1.993,2.078,1.781,1.977,2.865,4.715,3.036,2.42,2.604,2.423,2.657,2.482,3.261,2.402,1.469,1.377,1.338,1.276,2.198,1.567
01.07.2005,2.907,7.944,2.89,1.119,6.203,3.062,1.705,3.377,1.762,3.754,3.819,2.94,4.756,5.095,4.411,1.318,3.147,4.608,3.986,2.846,1.855,2.817,4.333,1.908,2.134,4.085,1.831,1.212,1.226,1.35,1.714,1.775,1.633,1.592,1.67,2.48,3.489,4.291,2.133,2.349,5.47,3.083,4.01,2.931,3.346,3.288,4.641,3.359,3.176,2.05,1.787,2.42,2.681,4.052,2.639,1.525,2.204,2.158,1.696,2.182,2.006
01.08.2005,2.568,4.826,2.834,1.269,4.942,2.755,1.502,2.183,1.538,2.763,2.691,2.02,3.019,4.68,4.399,1.564,1.929,2.891,2.177,1.811,1.705,2.056,2.84,2.317,3.064,2.499,2.096,1.383,1.412,1.361,1.56,1.687,1.606,1.507,1.847,1.759,1.921,2.602,2.141,2,4.366,2.429,2.75,2.121,2.885,3.358,3.359,2.378,1.862,2.986,2.311,3.225,3.52,7.177,2.912,1.634,1.832,1.537,1.36,2.122,1.738
01.09.2005,2.66,5.087,5.746,1.238,5.248,7.989,1.635,2.011,1.683,2.322,2.091,1.952,3.283,4.925,4.143,1.242,1.864,2.644,2.143,1.809,1.699,2.091,2.247,2.345,4.388,2.393,1.765,1.389,1.433,1.348,1.623,1.783,1.816,1.699,1.718,1.795,1.656,1.839,1.779,1.912,5.069,1.922,2.281,2.167,2.48,3.062,3.056,1.541,2.025,2.414,2.542,4.115,4.452,10.427,3.005,1.75,1.442,1.381,1.402,1.85,1.896
01.10.2005,2.533,4.216,2.461,1.765,4.643,1.835,2.059,2.333,2.112,2.427,2.328,2.322,3.389,4.548,3.53,1.486,1.917,4.271,2.337,2.149,1.938,3.979,3.016,1.941,3.346,3.293,1.915,1.889,1.649,1.788,1.919,2.155,1.869,1.951,2.025,2.299,1.99,2.199,1.966,2.261,4.425,2.2,2.395,2.35,2.726,2.829,3.013,2.717,2.379,2.33,1.695,3.054,5.155,2.917,2.734,2.005,1.843,2.062,1.874,2.194,2.067
01.11.2005,1.674,2.252,0.173,2.933,1.317,0.193,3.195,1.333,2.776,1.129,1.134,2.032,2.98,2.625,1.799,2.75,2.152,3.244,2.663,2.246,2.085,3.508,3.498,0.27,0.308,2.67,2.04,2.695,2.773,3.147,3.34,3.059,2.56,2.331,2.05,2.04,2.105,2.049,2.109,2.036,1.704,1.364,1.217,1.252,0.94,1.294,1.256,1.148,2.041,0.695,0.362,0.301,0.666,0.192,0.587,2.008,2.636,2.794,3.102,3.886,1.977
01.12.2005,0.511,0.315,0.101,1.439,0.189,0.1,0.969,0.268,0.928,0.294,0.155,0.214,0.715,0.197,0.208,1.024,0.644,0.974,0.691,0.431,0.593,0.607,0.937,0.105,0.107,0.75,0.607,1.398,1.211,1.209,1.181,1.221,0.799,0.77,0.57,0.563,0.386,0.41,0.568,0.797,0.244,0.294,0.203,0.173,0.212,0.229,0.173,0.195,0.657,0.123,0.115,0.104,0.109,0.101,0.157,0.579,0.855,0.912,0.831,0.945,0.499
01.01.2006,0.427,0.13,0.1,0.849,0.131,0.1,0.9,0.112,0.962,0.595,0.121,0.291,0.315,1.006,0.644,0.773,0.228,0.436,0.268,0.609,0.823,1.008,0.587,0.103,0.1,0.365,0.74,0.592,0.56,0.838,0.883,1.077,0.989,0.994,0.915,1.08,0.251,0.621,0.313,0.204,0.11,0.114,0.103,0.108,0.747,0.93,0.127,0.196,0.24,0.138,0.1,0.1,0.1,0.1,0.1,0.929,0.709,0.888,0.683,0.49,0.577
01.02.2006,1.013,0.244,0.1,2.866,0.419,0.11,1.873,0.227,2.084,0.225,0.671,1.486,0.846,0.121,0.128,3.666,0.975,1.721,0.97,0.756,1.103,0.769,2.349,0.748,0.573,1.035,1.174,3.329,3.041,4.599,2.23,1.861,2.07,1.734,1.606,1.025,0.958,1.482,1.02,0.687,0.162,0.42,0.302,0.951,0.584,0.293,0.115,0.154,0.522,0.488,0.299,0.155,0.106,0.1,0.88,0.998,2.417,3.129,3.824,2.972,1.156
01.03.2006,1.868,1.618,0.103,3.384,1.847,0.105,2.244,1.999,2.714,1.649,1.562,1.969,5.407,2.427,1.977,4.575,2.924,4.913,2.985,2.155,2.665,2.73,4.09,0.391,0.464,2.805,1.953,3.115,3.387,5.342,2.501,2.479,3.399,2.386,2.459,3.173,2.094,2.481,1.637,2.485,1.121,1.353,1.751,1.247,0.984,1.314,1.747,1.469,2.136,0.399,0.354,0.256,0.283,0.102,0.563,2.631,4.85,3.349,7.746,5.285,2.04
01.04.2006,3.151,5.484,0.18,3.955,5.081,0.197,2.219,3.144,2.325,3.245,2.518,2.32,9.414,7.756,6.59,4.78,2.581,5.904,3.291,3.066,2.248,3.776,2.678,2.305,1.929,3.858,2.273,5.051,4.683,3.175,2.361,2.365,2.429,2.22,2.123,2.626,3.594,3.603,2.295,4.404,2.925,3.024,2.88,2.707,3.283,5.275,6.696,7.483,6.603,2.617,1.934,1.707,1.598,0.165,2.92,2.599,2.754,1.977,2.641,3.58,2.095
01.05.2006,2.876,9.029,2.586,1.901,2.403,2.612,1.596,1.917,1.722,2.36,2.423,1.807,7.747,6.672,5.396,2.265,3.161,5.774,4.165,1.947,1.767,2.846,2.635,2.662,2.74,4.486,1.616,2.645,2.206,1.838,1.513,1.672,1.688,1.735,1.716,1.808,2.048,1.878,1.875,2.106,5.526,1.798,2.076,2.055,2.412,3.424,8.3,4.528,2.976,3.114,2.755,4.088,3.277,1.478,3.43,1.565,1.949,1.526,1.729,2.179,1.757
01.06.2006,2.666,4.316,5.355,1.241,2.762,4.452,1.507,1.891,1.559,2.526,2.332,1.703,4.941,5.03,3.703,1.077,1.982,3.08,2.021,1.628,1.627,2.155,2.754,2.672,2.806,2.863,1.621,1.434,1.386,1.463,1.426,1.505,1.568,1.591,1.542,1.554,1.636,1.732,1.541,2.465,3.137,1.935,2.065,2.008,2.298,2.608,3.688,2.782,2.6,3.668,2.484,3.118,3.893,5.629,2.796,1.535,2.039,1.862,1.209,1.821,1.638
01.07.2006,2.667,3.707,3.259,1.14,5.658,3.083,2.219,2.142,2.192,2.724,2.119,1.812,4.135,4.356,4.766,1.166,2.415,4.071,2.129,2.335,2.302,2.632,3.259,2.22,2.89,3.126,2.354,1.126,1.126,1.244,2.121,2.143,2.003,2.066,2.097,2.091,2.317,2.109,2.303,2.124,3.924,2.327,2.198,2.156,2.436,2.908,3.723,4.005,3.32,2.339,2.488,2.355,2.94,4.119,2.135,2.249,1.81,1.448,1.44,1.867,2.232
01.08.2006,2.279,3.331,2.498,1.358,3.068,2.383,1.818,2.251,1.86,1.87,1.815,1.623,3.805,3.959,3.694,1.415,2.137,3.893,2.133,1.822,1.793,2.437,2.113,2.362,2.133,2.882,1.615,1.272,1.197,1.298,1.975,2.045,2.257,2.188,1.787,2.162,1.928,2.093,1.791,1.667,3.332,2.177,2.087,1.76,2.007,2.796,2.945,8.4,1.882,2.502,2.1,1.878,2.005,2.948,2.189,2.106,2.145,1.903,1.317,1.766,1.939
01.09.2006,2.262,2.871,2.48,1.14,2.453,2.765,2.009,2.108,2.11,2.091,2.002,1.776,2.784,3.939,4.187,1.324,1.72,2.161,1.779,1.61,1.82,1.792,2.515,2.086,2.148,1.847,1.752,1.181,1.216,1.279,2.054,1.985,1.78,2.135,1.832,1.934,1.816,1.895,1.777,1.954,2.91,2.091,2.239,1.842,2.297,3.214,3.322,3.347,1.598,2.668,2.2,2.265,2.622,2.884,2.728,1.798,1.673,1.562,1.327,2.226,1.662
01.10.2006,2.069,2.299,1.099,1.444,3.853,1.646,1.71,1.791,1.646,1.703,2.006,1.61,1.924,2.961,3.152,1.927,2.07,4.695,2.608,1.319,1.453,2.623,2.869,1.673,2.144,3.229,1.709,1.747,1.584,1.406,1.788,2.126,1.741,1.715,1.536,1.621,1.392,1.854,2.525,0.851,2.56,1.447,1.733,1.788,1.678,2.04,3.022,1.494,2.207,3.161,2.655,3.62,3.592,3.234,2.762,1.664,1.118,1.313,1.214,1.484,2.064
01.11.2006,1.701,1.768,0.187,2.91,1.607,0.222,2.775,1.323,2.383,1.231,1.615,1.486,2.438,0.844,1.034,2.457,2.2,3.566,2.451,1.619,2.166,2.751,2.712,0.817,0.54,2.458,2.207,2.493,2.522,3.062,2.739,2.921,2.507,2.263,1.877,2.398,1.502,1.396,1.724,1.515,1.599,1.145,1.003,1.274,0.973,1.489,0.774,1.021,1.724,1.346,0.91,0.433,0.478,0.419,1.798,2.03,3.015,2.95,3.232,2.894,2.123
01.12.2006,0.749,0.505,0.101,1.609,0.348,0.101,1.583,0.395,1.535,0.331,0.307,0.605,1.137,0.189,0.229,1.531,1.031,1.584,1.197,0.708,0.863,1.281,1.453,0.107,0.101,1.155,0.774,1.52,1.617,1.877,1.605,1.454,1.517,1.339,0.969,0.824,0.581,0.469,0.895,0.825,0.423,0.783,0.271,1.056,0.303,0.269,0.194,0.215,1.455,0.152,0.127,0.101,0.118,0.101,0.154,1.013,1.82,1.717,1.746,1.677,0.996
01.01.2007,0.592,0.264,0.1,0.91,0.366,0.1,0.822,0.125,0.919,0.117,0.283,0.174,0.39,0.158,0.261,0.779,0.306,0.702,0.34,1.052,0.373,0.491,1.511,0.1,0.1,0.367,0.61,1.102,0.986,0.987,0.894,1.076,0.873,0.896,0.313,0.289,0.213,0.154,0.532,0.358,0.275,0.322,0.301,0.645,0.141,0.182,0.155,0.109,0.578,0.119,0.163,0.1,0.1,0.1,0.144,0.432,1.201,1.188,1.176,0.837,0.673
01.02.2007,1.329,1.498,0.1,4.258,0.573,0.1,2.874,1.381,3.425,0.299,0.234,1.163,1.134,0.36,0.228,4.424,1.457,1.955,1.423,0.664,2.983,1.111,2.808,0.111,1.285,1.473,1.721,3.436,4.19,4.676,2.771,3.777,3.221,2.658,1.779,1.431,1.187,0.653,1.07,0.824,0.556,0.806,1.194,0.256,0.278,0.397,0.143,0.184,1.845,0.146,0.191,0.608,0.1,0.1,0.149,1.789,5.712,5.749,5.346,3.7,0.89
01.03.2007,2.581,3.015,0.101,5.943,3.931,0.102,3.072,2.1,3.293,2.105,2.327,2.018,4.944,1.242,2.513,7.934,3.336,4.845,3.185,1.711,2.108,4.128,4.673,1.68,1.426,2.971,2.188,6.967,6.042,5.809,3.079,3.262,3.233,3.035,2.327,2.412,1.473,1.708,2.04,1.684,2.107,1.959,2.002,2.158,2.486,2.555,0.639,1.224,5.818,1.289,2.2,0.272,0.282,0.101,1.859,2.824,6.739,4.91,8.574,7.097,2.185
01.04.2007,3.658,8.216,1.55,2.272,3.733,1.79,2.012,2.778,2.262,3.464,2.608,2.768,10.36,7.141,6.781,2.224,2.539,4.145,2.65,2.469,2.486,2.556,3.285,2.794,4.561,3.41,2.557,2.56,2.381,3.744,1.927,2.057,2.477,2.472,2.203,2.956,2.492,2.334,2.433,3.611,6.813,2.57,3.244,2.432,3.314,3.544,8.324,7.597,5.318,4.184,3.495,2.352,3.454,0.234,4.074,2.342,2.029,3.035,3.779,2.197,2.473
01.05.2007,2.83,4.759,1.566,1.639,3.461,2.067,1.558,1.957,1.568,1.676,1.879,2.086,5.781,4.656,3.982,1.623,3.501,6.896,4.964,1.845,1.997,4.621,2.984,3.773,3.817,6.966,2.165,2.169,1.984,1.649,1.581,1.688,2.318,1.804,2.072,2.352,1.62,2.137,2.618,2.926,4.594,2.165,1.927,1.699,1.845,2.595,4.587,4.446,3.12,3.443,3.669,4.26,5.008,1.285,3.676,1.795,1.675,1.627,1.611,2.271,2.246
01.06.2007,2.644,3.894,2.865,1.361,2.095,3.101,1.888,2.196,1.904,2.289,2.225,1.902,5.91,3.949,3.788,1.365,3.177,5.914,3.694,1.833,1.467,2.819,3.97,1.966,2.379,4.311,1.748,1.373,1.272,1.307,2.181,2.44,2.392,2.153,1.629,1.789,1.844,2.015,2.571,2.152,7.209,2.003,2.171,2.02,2.266,2.562,2.802,4.143,3.065,2.273,2.114,3.184,3.814,4.239,2.099,1.782,2.855,1.731,2.085,1.966,1.781
01.07.2007,2.771,4.924,2.722,1.574,4.99,2.76,3.047,2.882,2.98,2.565,2.746,3.14,5.029,4.633,3.611,1.681,2.656,5.605,2.719,2.086,2.245,2.988,3.651,2.073,2.107,3.342,2.223,1.524,1.401,1.548,2.892,2.857,2.975,3.224,2.292,2.303,2.349,2.428,2.344,3.042,5.201,2.98,2.399,2.805,2.478,3.546,3.088,3.051,2.77,2.269,1.94,2.169,2.877,4.902,2.113,2.431,2.307,1.641,1.41,2.068,2.223
01.08.2007,2.664,4.373,3.653,1.491,5.197,3.787,2.031,2.442,2.084,2.542,2.624,2.789,3.245,4.887,4.172,1.948,1.892,2.409,1.944,2.187,1.886,2.209,3.314,2.66,2.725,2.437,2.322,1.567,1.452,1.517,2.125,2.2,1.886,2.136,2.046,1.877,2.176,2.24,2.078,2.6,4.118,2.529,2.473,3.067,2.311,3.052,3.533,2.695,1.937,2.603,2.118,3.468,2.686,5.791,2.897,1.832,1.931,1.84,1.347,2.249,2.27
01.09.2007,2.166,2.766,3.858,1.352,3.817,4.903,1.764,1.657,1.761,1.884,2.135,2.083,1.393,2.593,4.141,1.547,1.687,1.772,1.603,1.64,1.762,1.42,3.272,2.101,2.108,1.479,1.718,1.454,1.626,1.56,1.637,1.613,1.55,1.669,1.754,1.854,1.498,1.567,2.328,1.685,2.399,1.652,1.933,1.815,1.663,2.05,1.712,1.314,1.435,2.187,2.114,3.023,2.166,3.464,2.197,1.504,1.277,1.321,1.343,2.039,2.639
01.10.2007,2.785,5.095,2.78,3.206,3.698,5.311,2.634,2.923,2.927,2.588,3.253,3.008,2.659,3.291,2.992,2.879,2.678,4.069,3.072,2.639,2.514,4.491,2.613,1.561,2.68,3.946,2.314,2.144,2.356,2.275,2.557,2.681,4.051,3.224,2.385,3.343,2.669,3.384,2.601,2.241,4.08,2.593,2.946,3.787,2.693,2.669,3.246,2.903,1.962,2.134,2.985,3.087,3.174,1.404,2.843,2.97,2.362,2.392,2.911,3.961,3.611
01.11.2007,1.564,1.188,0.209,2.97,1.11,0.186,1.972,1.196,2.336,1.019,1.621,1.811,2.653,1.119,1.077,3.156,2.033,3.125,2.271,1.59,2.994,2.503,2.398,1.061,0.319,2.358,2.726,2.215,2.274,2.227,1.718,2.031,2.353,2.189,2.309,1.852,1.599,1.422,1.405,2.234,1.232,1.37,1.158,1.9,0.948,1.006,0.941,1.099,1.413,0.659,0.603,0.292,0.69,0.187,0.875,1.76,2.073,2.276,2.206,2.62,1.742
01.12.2007,0.487,0.234,0.1,0.91,0.265,0.1,0.753,0.317,0.814,0.222,0.177,0.232,0.576,0.222,0.232,0.888,0.5,0.829,0.533,0.342,0.46,0.492,1.232,0.106,0.103,0.529,0.415,0.83,0.921,1.009,0.836,0.859,0.78,0.696,0.443,0.437,0.352,0.27,0.327,0.516,0.273,0.357,0.314,0.315,0.222,0.25,0.161,0.194,0.933,0.118,0.112,0.102,0.105,0.101,0.11,0.493,0.995,0.916,0.956,0.844,0.384
01.01.2008,0.736,3.425,0.1,1.592,0.237,0.1,0.872,1.06,0.864,0.403,0.114,0.167,0.375,0.101,0.16,1.729,0.235,0.654,0.348,0.224,0.195,0.307,1.135,0.1,0.1,0.281,0.18,1.569,1.523,1.675,1.126,1.155,1.164,1.015,0.174,0.175,0.61,1.908,0.256,0.253,3.268,0.865,0.682,0.19,0.115,0.183,0.113,0.102,0.501,0.102,0.1,0.1,0.1,0.1,0.109,0.665,1.708,2.01,1.922,1.395,0.185
01.02.2008,1.892,0.455,0.723,2.928,1.56,0.714,2.709,0.819,2.86,1.417,2.461,1.722,1.664,0.299,0.328,3.472,0.947,2.889,1.107,1.576,1.692,1.62,3.771,0.629,1.667,1.146,1.809,5.108,4.695,2.774,2.686,3.136,2.893,2.695,2.27,1.173,1.21,0.738,2.012,0.877,0.782,0.614,1.242,2.201,1.458,1.421,0.192,0.224,4.893,1.237,1.226,1.816,1.787,0.995,0.87,1.973,6.72,5.207,4.261,4.6,1.237
01.03.2008,2.973,4.963,0.204,2.771,4.243,1.417,3.424,2.903,2.807,2.894,3.128,3.165,5.142,3.739,2.954,2.416,3.06,6.574,3.103,3.926,3.745,3.705,4.546,1.525,1.242,4.367,2.386,3.957,3.568,3.31,3.114,3.034,3.414,3.104,3.648,3.567,3.863,2.976,3.38,2.694,4.151,2.575,3.171,3.636,2.646,2.818,0.976,2.205,4.178,2.673,1.309,1.545,1.663,0.106,2.043,3.052,3.449,2.756,3.023,5.141,4.211
01.04.2008,3.397,10.393,0.3,1.72,2.823,1.481,2.655,3.232,2.539,2.527,2.361,2.991,11.509,5.448,4.295,2,6.392,9.397,6.737,4.016,3.7,5.349,3.371,2.705,2.061,11.143,3.966,2.62,1.821,1.684,2.556,2.712,2.264,2.362,3.926,4.098,4.6,3.278,4.13,7.501,6.887,3.706,2.75,2.562,2.688,3.442,5.817,4.892,2.243,4.438,2.765,2.559,2.864,1.426,2.887,2.976,1.76,1.415,1.46,3.032,3.987
01.05.2008,2.867,9.146,2.44,1.297,2.035,3.682,1.876,2.456,1.873,2.362,2.278,2.42,5.594,5.594,4.938,1.616,2.984,5.37,3.171,2.622,2.224,2.311,2.165,2.455,2.193,4.644,2.022,1.344,1.355,1.32,1.728,2.035,1.547,1.742,2.151,2.295,2.635,2.641,2.212,4.046,7.547,2.515,1.918,2.229,2.851,3.751,6.425,6.296,2.598,2.488,2.536,2.641,3.533,2.855,2.472,1.806,1.34,1.037,1.506,2.498,1.968
01.06.2008,2.518,6.723,2.777,1.185,3.236,3.013,2.541,2.266,1.869,2.352,2.006,1.94,3.969,3.912,3.156,1.601,2.217,6.091,2.289,2.314,2.08,1.778,3.298,1.933,2.044,2.784,1.772,1.192,1.517,1.175,2.057,2.125,1.557,1.838,1.951,2.122,2.361,2.459,2.11,2.157,6.401,2.036,1.975,1.876,2.598,3.223,2.996,3.667,1.88,1.848,2.018,2.748,2.896,3.006,1.938,2.311,2.721,2.045,1.61,2.634,2.03
01.07.2008,2.833,5.394,3.783,1.152,4.489,2.777,2.593,2.932,2.988,3.266,2.622,2.831,4.762,3.16,3.639,1.202,3.387,4.825,3.858,3.344,2.684,3.206,3.153,2.111,2.211,4.028,2.468,1.217,1.203,1.209,2.562,2.656,2.851,2.795,2.796,3.193,3.182,3.2,2.054,3.333,5.472,3.097,3.009,2.664,3.279,3.366,2.545,3.929,3.267,2.62,2.156,2.301,2.551,3.946,2.141,3.004,1.78,1.65,1.434,1.956,2.786
01.08.2008,2.325,3.714,3.707,1.119,4.31,3.769,2.557,2.565,2.29,2.451,2.779,2.398,3.153,3.548,3.207,1.203,1.975,2.912,2.214,2.097,2.317,1.979,2.804,2.067,2.276,2.546,2.088,1.257,1.084,1.328,2.507,2.37,2.278,2.06,2.461,2.167,2.336,2.688,2.031,2.128,2.896,2.449,2.604,2.418,2.485,2.606,2.492,2.919,1.768,2.579,2.51,2.08,2.758,3.177,1.848,2.341,1.615,1.393,1.184,1.581,2.218
01.09.2008,1.978,3.338,3.182,1.239,2.003,2.384,1.649,1.616,1.569,1.976,1.897,1.605,2.956,3.376,3.031,1.351,1.683,2.796,1.987,1.26,1.857,1.835,1.935,1.684,1.925,2.671,1.204,1.295,1.282,1.399,1.916,1.744,1.629,1.439,1.325,1.906,1.687,1.812,1.864,2.183,2.402,1.725,1.613,1.616,1.979,2.06,2.614,4.425,1.461,2.168,1.755,1.844,2.702,4.303,1.693,1.267,1.738,1.572,1.598,2.007,1.577
01.10.2008,3.326,4.396,4.37,2.515,3.274,4.516,2.532,3.178,2.3,3.045,2.779,3.074,4.338,5.469,4.445,3.975,2.645,5.077,2.985,2.432,2.459,3.331,4.94,3.603,2.685,3.296,2.397,2.68,2.475,2.455,2.752,2.39,2.171,1.921,2.356,2.486,2.466,2.581,3.226,2.926,3.888,2.781,2.767,3.184,2.964,3.704,3.519,3.768,2.233,4.222,2.888,3.344,3.774,3.245,4.802,2.005,1.909,2.132,2.655,3.095,3.521
01.11.2008,1.989,0.987,0.179,2.435,1.221,0.227,2.329,1.825,2.37,1.737,2.137,2.199,2.181,1.111,1.165,1.754,2.206,3.628,2.391,1.822,1.963,2.503,3.769,0.682,1.143,2.581,1.845,2.288,2.246,2.385,2.374,2.49,2.7,2.261,1.944,3.019,1.716,2.815,2.633,2.132,1.004,1.567,1.261,3.933,1.515,2.142,1.426,1.152,2.246,1.354,0.663,0.864,0.892,0.182,1.768,2.249,2.273,2.206,2.379,2.78,2.932
01.12.2008,0.514,0.221,0.1,0.735,0.258,0.1,0.835,0.271,0.942,0.213,0.18,0.229,0.631,0.2,0.25,0.656,0.631,0.953,0.696,0.41,0.671,0.732,1.15,0.115,0.114,0.675,0.543,0.823,0.894,0.855,0.847,0.865,1.214,0.997,0.666,0.987,0.411,0.279,0.549,0.571,0.218,0.335,0.214,0.185,0.337,0.259,0.192,0.236,0.998,0.148,0.145,0.105,0.112,0.101,0.129,0.757,0.835,0.845,0.908,0.864,0.786
01.01.2009,0.472,0.155,0.1,1.004,0.159,0.1,1.501,0.121,0.912,0.144,0.373,0.113,0.298,0.102,0.128,5.603,0.556,0.774,0.491,0.649,1.396,0.291,0.832,0.1,0.1,0.549,0.816,0.879,0.999,0.848,0.908,0.658,1.596,1.516,0.877,0.589,0.203,0.121,0.447,0.36,0.137,0.122,0.108,0.282,0.115,0.317,0.1,0.104,0.274,0.11,0.1,0.1,0.1,0.1,0.1,0.995,0.962,1.061,0.879,0.582,0.266
01.02.2009,0.803,2.754,0.404,2.586,0.342,0.623,1.542,0.251,1.831,0.435,0.19,0.383,1.649,0.152,0.182,2.127,1.107,1.849,1.123,0.272,0.83,0.79,2.677,0.301,0.147,0.752,0.686,2.53,2.194,1.984,1.655,1.828,1.571,1.637,0.759,0.684,0.343,0.329,0.344,0.872,1.747,0.309,0.196,0.308,0.222,0.248,0.148,0.156,1.2,0.146,0.495,0.273,0.662,0.1,0.201,0.877,2.017,2.051,1.798,2.121,0.277
01.03.2009,2.371,3.69,0.1,3.882,1.808,0.102,4.276,2.021,3.964,1.964,1.605,2.019,5.348,1.225,1.54,6.175,3.934,5.918,3.575,2.375,2.801,3.92,4.767,1.86,1.256,4.016,2.596,6.211,5.041,5.032,4.431,4.624,4.805,3.605,2.395,2.055,2.841,2.845,1.895,3.136,2.483,1.622,2.025,1.959,2.171,2.642,0.632,1.726,4.935,1.466,1.271,0.668,0.305,0.1,1.274,2.72,5.023,6.163,5.413,6.858,1.765
01.04.2009,3.349,8.752,1.184,1.903,3.744,0.645,2.692,3.45,2.303,3.328,3.089,2.588,6.105,8.257,6.681,2.232,4.534,8.228,4.079,2.484,3.099,3.376,3.248,3.426,3.208,6.004,2.475,2.094,1.82,2.124,2.733,2.828,2.174,2.27,2.844,2.333,3.012,3.262,2.439,6.322,5.817,3.76,3.466,2.773,3.641,5.487,5.049,8.376,4.893,3.165,2.381,2.376,2.616,0.11,2.503,2.839,2.107,1.822,1.937,3.429,2.247
01.05.2009,2.969,6.952,3.698,1.31,2.958,3.866,2.161,2.299,2.023,2.812,2.446,1.974,6.575,6.034,5.033,1.732,3.398,5.119,3.295,2.241,1.954,1.821,2.565,2.873,2.863,3.705,1.816,1.319,1.288,1.344,2.094,1.923,1.501,1.752,1.805,1.971,2.035,2.192,1.789,2.818,6.165,2.196,2.358,2.115,2.946,3.29,7.153,6.113,3.374,3.321,2.764,2.839,4.105,0.629,2.978,1.623,1.501,1.461,1.464,2.236,1.711
01.06.2009,2.554,4.236,3.019,1.281,2.289,3.691,1.815,2.19,1.906,2.46,2.362,1.902,6.9,3.996,3.769,1.233,2.329,5.695,2.954,1.766,2.036,1.882,2.73,2.071,2.389,3.763,1.895,1.17,1.224,1.147,1.947,1.955,1.594,1.96,2.205,2.074,1.809,1.776,2.015,1.863,3.934,2.019,2.41,2.243,2.492,2.816,3.219,4.717,1.981,3.006,2.194,2.581,4.286,3.558,2.901,2.032,1.976,1.389,2.25,1.472,1.876
01.07.2009,2.776,7.226,4.295,1.14,5.561,3.909,1.904,2.372,1.839,2.67,2.691,2.769,5.067,4.761,4.673,1.292,2.377,3.793,2.971,2.215,2.329,3.108,4.558,2.035,2.249,3.067,2.108,1.227,1.165,1.119,1.887,1.815,1.783,2.214,2.355,3.006,2.235,2.398,2.798,2.514,5.695,2.356,2.605,2.482,2.852,3.197,3.755,3.098,3.105,2.619,2.116,2.537,3.049,4.88,2.872,2.132,2.003,2.099,1.833,1.866,2.45
01.08.2009,2.502,4.593,4.563,1.136,5.273,4.032,1.811,2.038,1.823,2.377,2.127,2.158,3.292,3.976,4.233,1.204,1.926,3.104,1.963,1.902,1.853,1.941,3.261,2.456,2.919,2.625,1.862,1.114,1.155,1.233,1.617,1.8,1.983,2.018,2.029,1.833,1.941,1.987,1.778,2.063,4.23,2.083,2.267,2.203,2.317,2.971,3.31,2.133,1.774,2.961,2.651,2.76,3.723,3.753,4.103,1.708,1.545,1.295,1.28,1.619,2.074
01.09.2009,2.426,3.129,4.413,1.146,5.144,3.559,1.618,2.117,1.632,2.2,1.998,1.746,2.652,3.506,3.767,1.558,1.594,2.808,1.773,1.84,1.757,2.045,3.465,2.875,3,2.009,1.626,1.337,1.227,1.272,1.563,1.598,1.617,1.659,1.652,1.812,1.876,1.911,1.641,1.733,3.128,2.096,2.159,2.04,2.602,2.285,2.019,1.918,1.96,3.083,2.259,3.289,3.076,5.642,2.86,1.571,1.521,1.547,1.216,1.754,1.791
01.10.2009,2.351,1.506,3.421,1.846,2.684,3.862,2.879,2.161,2.929,1.618,1.846,1.816,1.239,2.622,2.665,1.924,2.054,1.896,1.865,1.87,2.329,2.095,3.493,1.526,2.015,1.547,2.528,1.69,1.652,2.192,2.928,2.332,2.55,2.512,2.015,2.631,1.562,2.08,2.127,0.991,1.315,1.375,1.958,1.804,2.663,2.14,3.432,1.498,2.3,2.147,1.441,2.745,3.041,4.357,2.016,1.357,1.875,1.784,2.216,3.312,2.634
01.11.2009,1.513,1.917,1.322,2.147,0.818,0.396,1.97,1.276,2.369,0.679,0.926,1.369,2.439,1.647,1.364,2.06,3.075,2.822,2.859,1.547,1.667,2.264,2.272,0.364,0.273,2.136,1.453,1.716,1.938,2.171,2.198,2.361,3.155,2.393,1.607,1.821,2.167,1.626,1.774,1.755,1.199,1.86,0.874,1.594,0.689,1.619,0.936,0.9,2.029,0.508,0.385,0.287,0.312,0.18,0.425,1.811,2.541,2.378,2.221,2.256,1.778
01.12.2009,0.505,0.275,0.1,1.257,0.228,0.1,1.171,0.281,1.254,0.171,0.149,0.196,0.859,0.185,0.188,1.151,0.781,1.365,0.984,0.475,0.644,0.844,1.759,0.11,0.104,0.864,0.483,1.07,1.171,1.341,1.155,1.258,1.178,1.068,0.607,0.621,0.473,0.373,0.338,0.615,0.244,0.369,0.178,0.186,0.153,0.233,0.217,0.186,0.721,0.127,0.111,0.105,0.108,0.1,0.125,0.681,1.364,1.458,1.318,1.209,0.555
01.01.2010,0.324,0.805,0.1,0.868,0.122,0.1,0.465,0.318,0.686,0.313,0.103,0.117,0.272,0.108,0.105,0.544,0.392,0.44,0.645,0.136,0.482,0.324,0.452,0.1,0.1,0.39,0.644,0.584,0.825,0.57,0.285,0.611,0.312,0.571,0.55,0.227,0.126,0.107,0.132,0.459,0.848,0.367,0.327,0.107,0.295,0.125,0.107,0.112,0.138,0.1,0.1,0.1,0.1,0.1,0.1,0.211,0.384,0.429,0.465,0.532,0.129
01.02.2010,0.639,0.787,0.1,1.73,0.165,0.1,0.567,0.529,0.541,0.164,0.475,0.628,1.42,0.263,0.246,1.795,0.821,1.783,1.013,0.737,0.603,0.516,0.925,0.138,0.366,0.755,0.261,1.775,1.814,1.815,0.458,0.638,0.816,0.554,0.424,0.793,0.576,0.714,0.303,0.397,0.438,0.495,0.209,0.451,0.143,0.144,0.213,0.255,0.692,0.148,0.29,0.123,0.12,0.1,0.138,0.366,0.906,1.041,1.463,1.805,0.612
01.03.2010,2.087,1.324,0.107,3.844,1.321,0.109,1.904,1.817,2.232,0.954,0.913,1.807,4.316,2.22,2.673,2.945,2.178,3.977,2.055,2.084,2.08,2.887,4.438,0.209,0.682,2.001,2.238,3.363,2.39,5.397,2.11,2.295,2.307,2.661,2.421,2.081,2.187,1.678,1.659,2.23,0.855,1.437,1.857,1.928,1.058,1.292,2.204,2.457,6.53,0.383,0.201,1.231,0.61,0.113,0.579,1.868,4.129,4.336,6.161,7.107,2.313
01.04.2010,3.769,11.561,0.212,3.824,8.265,0.2,2.195,3.428,2.742,3.526,2.765,3.447,7.359,8.461,6.816,4.067,4.574,6.838,5.141,3.298,2.269,5.639,4.237,1.561,2.069,5.926,2.147,3.267,3.631,3.15,2.054,2.749,2.727,2.642,2.205,2.263,4.173,3.353,3.538,6.077,6.196,3.851,4.654,3.53,4.994,3.478,9.024,9.584,5.82,3.264,2.032,2.469,3.36,0.244,1.659,2.695,2.795,2.785,3.042,4.093,2.921
01.05.2010,2.867,7.736,1.968,1.494,4.16,1.451,1.958,1.835,1.524,1.804,2.274,1.734,7.544,9.647,5.16,2.047,2.097,6.104,2.628,1.471,1.937,2.356,2.704,2.889,2.621,3.877,1.974,1.607,1.396,1.291,1.656,1.863,2.215,1.645,1.837,1.731,1.835,1.651,2.201,4.135,7.363,2.243,2.039,1.999,2.045,3.019,10.386,5.749,3.065,3.505,2.602,3.53,3.817,1.778,3.754,2.329,1.923,1.519,1.419,2.396,1.62
01.06.2010,2.655,5.95,3.614,1.528,3.559,3.515,1.333,1.804,1.365,2.194,2.34,1.762,7.436,4.616,3.432,1.626,3.483,4.918,5.508,1.608,1.392,1.878,2.965,2.21,2.511,3.149,1.541,1.367,1.485,1.155,1.228,1.348,1.407,1.322,1.419,1.479,1.685,1.666,1.734,3.306,6.51,2.172,1.807,1.98,2.1,3.144,3.835,2.988,2.229,3.729,2.325,4.614,4.718,3.953,2.498,1.41,1.148,1.143,1.132,2.19,1.573
01.07.2010,2.612,6.139,3.709,1.035,4.76,3.193,1.599,1.937,1.438,2.34,2.286,2.016,6.755,4.017,3.424,1.417,2.564,5.28,3.675,2.435,1.576,2.472,4.002,2.014,2.249,4.053,1.695,1.18,1.082,1.13,1.431,1.571,1.476,1.405,1.601,2.017,2.536,1.911,1.876,3.071,4.615,1.985,2.21,2.287,2.478,2.823,4.091,3.012,2.672,2.136,1.94,2.968,3.22,4.536,3.469,1.585,2.156,1.245,1.451,2.577,2.285
01.08.2010,2.336,4.155,3.967,1.312,3.688,3.28,1.792,2.068,2.001,2.175,2.616,2.165,3.521,5.435,4.351,1.52,2.335,3.735,2.432,1.786,1.748,2.318,3.414,2.503,2.265,2.857,1.619,1.321,1.166,1.423,1.585,1.919,1.89,1.76,1.901,1.909,1.782,1.755,2.047,2.729,3.15,1.828,2.156,2.429,2.281,2.486,2.475,2.351,1.774,2.475,2.309,2.109,2.999,4.553,2.698,1.818,1.673,1.549,1.265,1.743,1.875
01.09.2010,2.273,2.792,2.961,1.588,3.713,5.94,2.009,2.084,2.006,2.089,2.545,2.902,1.959,2.706,3.589,1.437,1.955,2.342,1.839,1.845,1.452,1.738,3.433,2.48,2.151,1.935,2.161,1.371,1.421,1.377,1.797,2.328,1.76,2.032,2.028,2.154,1.646,1.945,2.537,1.826,3.285,1.778,1.893,2.17,2.063,2.318,1.602,4.337,1.42,2.997,2.171,2.818,2.919,3.911,2.395,1.494,1.157,1.219,1.56,2.379,2.255
01.10.2010,3.024,4.953,0.827,2.164,5.448,1.039,2.61,2.5,3.062,2.733,3.373,3.455,4.515,4.567,4.559,3.209,2.691,4.588,2.738,2.46,1.975,2.885,3.566,2.246,1.616,2.873,2.221,3.338,2.642,2.382,2.792,3.389,2.993,2.511,2.112,2.995,2.418,2.138,2.688,2.624,4.788,2.544,2.475,3.791,2.458,2.565,3.143,4.547,2.557,2.169,2.102,2.642,1.779,0.855,3.649,1.892,2.572,2.555,2.984,3.866,2.627
01.11.2010,1.452,0.975,0.151,1.81,1.746,0.165,1.625,1.686,1.963,1.069,1.39,2.143,2.38,1.073,0.76,1.929,1.584,2.926,1.661,1.568,1.723,1.751,2.514,0.315,0.294,1.762,1.823,2.016,1.931,2.152,1.612,1.815,2.116,2.319,1.677,1.899,1.251,1.474,1.423,2.067,0.582,1.31,1.362,1.364,0.947,0.853,0.629,0.787,2.347,0.587,0.307,0.234,0.457,0.145,0.56,1.478,1.834,2.212,2.502,2.827,1.745
01.12.2010,0.405,0.201,0.1,0.629,0.205,0.101,0.571,0.315,0.526,0.185,0.181,0.22,0.439,0.143,0.147,0.54,0.383,0.577,0.401,0.312,0.412,0.449,0.546,0.11,0.104,0.41,0.413,0.577,0.6,0.615,0.611,0.536,0.557,0.482,0.422,0.375,0.394,0.433,0.42,0.444,0.158,0.324,0.225,0.19,0.267,0.176,0.156,0.162,0.299,0.117,0.108,0.102,0.107,0.1,0.106,0.506,0.644,0.586,0.683,0.652,0.347
01.01.2011,0.339,0.134,0.1,0.486,0.112,0.1,0.655,0.299,0.709,0.101,0.205,0.904,0.195,0.102,0.102,0.469,0.371,0.25,0.237,0.123,0.224,0.386,0.329,0.1,0.1,0.202,0.35,0.677,0.665,0.664,0.561,0.703,0.842,0.605,0.267,0.205,0.127,0.151,0.234,0.246,0.165,0.208,0.354,0.668,0.105,0.101,0.102,0.103,0.12,0.1,0.1,0.1,0.1,0.1,0.107,0.665,0.533,0.722,0.618,0.806,0.343
01.02.2011,1.21,0.656,0.1,4.579,0.355,0.1,2.253,0.751,1.595,0.395,0.985,0.848,0.851,0.171,0.184,4.495,1.374,1.459,1.459,1.175,0.844,1.074,2.265,0.132,0.13,1.068,1.088,4.003,4.219,4.449,2.286,2.483,1.764,1.453,1.168,1.329,1.713,0.415,0.609,1.302,1.829,0.535,0.42,0.2,0.376,0.146,0.166,0.171,0.571,0.123,0.136,0.116,0.119,0.1,0.165,1.39,3.845,4.731,5.158,3.941,1.251
01.03.2011,2.277,0.771,0.107,4.743,3.365,0.103,2.811,2.576,3.933,4.123,1.921,2.209,3.897,0.749,0.757,5.71,2.07,4.883,2.018,2.177,2.215,3.027,5.603,1.171,0.147,2.966,2.348,4.441,4.718,5.522,3.226,3.26,3.447,3.22,2.304,2.102,2.203,2.215,1.535,2.912,0.492,2.011,2.721,2.429,2.887,1.255,0.976,0.765,6.423,1.451,0.169,0.777,0.227,0.107,0.997,2.437,4.824,5.881,5.914,8.11,2.029
01.04.2011,3.485,11.262,0.309,3.347,6.895,0.308,2.693,2.64,3.064,3.966,2.911,2.857,7.413,4.977,4.539,3.958,3.237,6.4,5.184,2.837,3.142,4.448,4.799,2.876,1.248,4.819,2.907,3.089,3.144,3.616,2.786,2.728,3.743,3.228,3.046,3.153,3.26,2.648,3.467,4.747,7.355,2.7,2.911,2.824,3.816,3.241,6.608,5.773,6.938,3.575,1.275,2.544,3.466,0.389,3.351,2.767,2.547,3.905,3.063,2.762,2.906
01.05.2011,3.045,12.017,5.044,1.657,3.723,2.381,1.971,2.182,1.875,2.114,2.094,1.795,6.175,6.813,5.562,1.829,2.912,5.725,2.663,1.863,1.814,2.515,2.902,2.624,3.117,4.299,1.554,2.267,1.771,1.745,2.162,1.991,1.649,1.678,1.843,1.882,1.854,2,1.902,4.043,11.021,2.816,2.118,1.852,2.163,3.028,7.06,6.288,3.404,3.139,4.483,3.231,4.954,2.279,3.466,1.585,1.658,1.83,1.42,2.609,1.694
01.06.2011,2.499,5.378,3.87,1.381,4.346,2.958,1.623,1.837,1.694,1.915,1.909,1.567,3.184,4.032,3.272,1.368,1.968,4.088,1.974,1.492,1.737,1.891,3.171,2.343,2.565,2.081,1.61,1.874,1.394,1.311,1.639,1.675,1.486,1.648,1.714,1.515,1.563,1.724,1.489,3.497,5.345,1.792,2.053,1.731,2.084,2.587,3.719,2.818,3.314,2.712,2.386,2.399,2.868,4.07,2.262,1.492,1.758,1.705,1.261,1.612,1.477
01.07.2011,2.597,5.998,3.317,1.373,3.902,3.465,2.052,2.256,1.983,2.456,2.788,1.928,4.143,5.385,4.729,1.427,2.511,2.783,2.81,2.062,2.354,2.255,3.045,2.024,2.163,2.889,2.185,1.597,1.357,1.374,2.153,2.188,2.551,2.309,2.474,2.148,1.965,1.971,2.2,3.392,5.922,2.317,2.391,2.385,2.507,3.696,4.685,3.504,2.345,1.965,2.125,1.993,2.737,5.401,2.413,2.8,2.022,1.87,1.692,2.596,2.083
01.08.2011,2.415,4.378,2.889,1.291,3.405,2.944,1.748,2.135,1.715,2.37,2.655,1.873,3.719,4.444,4.597,1.526,2.035,2.475,2.858,1.908,1.772,1.872,2.548,2.205,2.382,2.395,1.835,1.439,1.229,1.367,1.741,1.969,1.844,1.541,1.772,1.942,2.068,1.981,2.2,2.217,4.092,2.205,2.443,2.409,2.77,3.501,3.13,3.226,1.73,2.196,2.261,2.237,2.619,3.418,2.269,1.926,1.773,1.738,1.641,2.188,1.906
01.09.2011,2.515,4.347,3.054,1.483,7.579,3.145,1.767,2.389,2.302,2.254,2.503,2.472,2.3,3.843,3.81,1.789,1.799,2.486,1.813,2.021,1.939,2.202,6.167,1.752,1.755,2.346,2.132,2.197,1.777,1.421,1.746,1.853,2.785,2.809,2.061,2.16,2.018,1.942,2.928,2.036,4.177,2.539,2.228,2.274,2.017,2.187,2.049,1.082,1.884,2.401,1.769,2.257,2.059,3.941,3.059,1.85,1.352,1.264,1.336,1.99,2.385
01.10.2011,2.975,3.607,2.876,1.95,6.163,2.225,1.824,2.73,2.899,3.014,2.3,2.295,1.943,3.445,2.93,2.6,1.969,3.385,1.968,2.171,2.215,3.258,3.892,2.98,4.236,2.664,2.26,3.13,2.305,1.893,1.914,1.846,2.309,2.497,2.477,2.559,2.181,2.591,2.208,1.988,3.444,2.714,2.573,2.88,2.918,2.417,3.162,1.853,3.615,3.734,2.613,5.055,4.272,3.327,5.194,2.572,1.866,1.78,2.387,3.113,2.104
01.11.2011,1.862,0.901,0.206,2.56,2.036,0.221,1.655,2.091,1.99,1.59,2.054,2.114,2.943,1.639,1.015,2.805,1.902,3.472,1.9,2.204,2.107,5.296,3.111,0.616,1.171,2.806,2.046,2.09,2.221,2.038,1.924,2.001,2.425,2.071,1.871,2.458,1.761,1.668,2.312,2.512,0.807,1.483,2.36,3.028,1.277,1.775,1.049,1.218,1.618,1.179,0.459,1.601,0.791,0.225,0.908,2.063,2.305,2.448,2.196,3.225,1.926
01.12.2011,0.559,0.218,0.102,0.869,0.434,0.101,0.779,0.516,0.666,0.24,0.26,0.267,1.071,0.218,0.207,0.956,0.834,1.535,0.939,0.619,0.765,1.122,0.973,0.121,0.111,0.954,0.635,0.752,1.122,1.293,0.823,0.791,0.836,0.727,0.732,0.851,0.447,0.429,0.582,0.738,0.249,0.635,0.299,0.456,0.259,0.257,0.263,0.213,0.715,0.128,0.119,0.108,0.117,0.104,0.115,0.655,1.055,1.231,1.069,1.079,0.868
01.01.2012,0.716,0.312,0.1,1.468,0.3,0.1,1.41,0.222,1.435,0.109,0.256,0.189,0.394,0.106,0.107,1.934,0.51,0.79,0.578,0.324,1.472,0.719,1.246,0.1,0.1,0.526,0.688,1.591,1.349,1.555,1.954,1.699,1.444,1.514,1.287,0.693,0.179,0.237,0.377,0.394,0.295,0.266,0.181,0.605,0.113,0.199,0.114,0.105,0.285,0.488,0.1,0.1,0.1,0.1,0.18,0.604,2.373,2.252,2.362,2.97,0.47
01.02.2012,0.852,1.575,0.125,1.481,0.482,0.319,1.608,0.692,1.651,0.214,0.8,0.74,0.867,0.176,0.143,1.45,1.13,0.952,0.888,0.781,1.742,0.766,2.742,0.107,0.132,0.629,0.658,1.741,1.633,1.716,1.511,1.663,1.33,1.198,1.524,0.965,0.786,1.059,0.6,1.02,1.17,0.393,0.648,0.81,0.18,0.48,0.17,0.138,1.39,0.194,0.154,0.281,0.106,0.101,0.603,1.31,1.576,1.803,1.5,1.372,0.747
01.03.2012,2.844,4.219,2.269,2.958,6.868,2.085,3.823,1.989,2.816,3.105,2.655,2.878,4.77,2.09,3.088,3.445,2.238,3.84,3.042,2.597,2.136,4.38,5.227,1.853,1.292,2.807,2.247,3.12,3.049,2.878,3.572,3.511,2.44,3.018,2.175,2.395,2.338,2.277,2.354,2.528,2.931,1.785,1.923,2.315,2.923,3.089,1.81,1.082,9.048,2.136,1.777,1.592,0.938,0.117,1.954,2.255,5.547,4.48,4.033,7.2,2.017
01.04.2012,3.324,8.432,1.771,1.721,5.907,1.937,2.608,2.524,2.46,2.93,3.089,2.172,8.439,5.713,6.855,2.17,3.048,4.917,4.5,2.748,2.28,4.56,2.964,2.286,2.452,4.472,2.71,2.1,2.172,1.693,2.414,2.396,2.452,2.179,2.191,2.884,2.268,1.952,2.372,3.219,5.775,2.311,3.023,2.172,2.618,4.532,7.498,5.733,4.529,4.542,2.766,2.949,4.064,0.386,3.253,1.935,2.176,1.52,1.56,2.894,2.828
01.05.2012,3.148,9.402,4.781,1.452,3,4.63,1.514,1.915,1.783,2.365,2.665,2.308,5.089,7.994,6.636,1.743,2.286,4.839,2.419,1.804,1.775,2.54,2.595,2.941,2.949,2.908,1.553,1.405,1.458,1.328,1.365,1.469,1.817,1.711,1.688,1.582,1.936,2.294,1.864,1.788,11.627,1.915,2.482,2.295,2.229,3.468,8.06,6.911,2.942,2.739,2.988,3.821,3.666,3.631,2.841,1.654,1.599,1.38,1.21,2.212,1.816
01.06.2012,2.396,3.93,3.34,1.254,3.235,2.583,1.423,1.786,1.644,2.497,2.218,1.719,4.531,4.783,3.648,1.968,2.163,8.409,2.348,1.693,1.586,2.293,2.482,2.093,2.197,4.41,1.404,1.7,1.978,1.26,1.588,1.528,1.468,1.724,1.379,1.598,1.677,1.624,1.662,1.952,5.48,1.874,2.11,2.223,2.107,3.31,3.027,4.583,2.043,2.397,2.494,3.903,4.281,3.188,2.751,1.478,1.825,1.973,1.618,2.011,1.597
01.07.2012,2.462,4.957,2.26,1.493,3.938,1.961,2.081,1.829,1.775,2.483,2.581,1.813,3.872,3.089,3.268,1.836,1.945,3.42,2.236,1.608,1.548,2.08,3.742,1.859,2.151,2.966,1.684,2.728,2.203,1.396,1.99,2.615,2.327,1.888,1.515,1.736,1.894,1.743,1.927,2.302,5.414,1.738,1.706,2.229,2.294,3.069,1.883,2.229,2.889,2.171,2.348,2.403,2.31,2.14,2.724,1.953,2.952,3.119,2.813,3.497,2.035
01.08.2012,2.62,5.109,3.465,1.086,3.7,2.814,1.665,2.811,1.863,2.808,2.565,2.545,2.735,3.655,3.591,1.414,1.797,3.14,1.96,2.344,1.65,1.833,2.932,1.912,2.364,2.497,1.627,1.213,1.097,1.195,1.819,1.733,1.797,1.744,1.72,2.265,2.987,2.066,2.068,1.979,4.665,2.369,2.673,2.767,2.663,3.196,3.48,2.929,1.958,2.703,2.161,2.274,2.735,4.209,2.654,1.866,1.488,1.227,1.235,1.854,2.417
01.09.2012,2.334,2.887,1.736,1.292,6.726,2.687,1.66,1.887,2.71,2.119,2.732,2.168,1.813,3.523,2.287,1.36,1.672,1.968,1.609,1.78,1.61,1.792,5.855,2.589,2.368,1.78,1.944,1.397,1.344,1.242,1.574,1.435,1.636,2.166,1.624,1.665,1.865,2.145,2.819,1.356,2.812,1.719,2.46,2.892,2.013,1.779,1.87,1.313,1.633,3.317,2.164,3.622,2.884,1.868,3.222,1.506,1.252,1.394,1.161,2.04,2.593
01.10.2012,2.615,3.724,1.423,2.378,7.098,1.067,2.821,2.651,2.072,3.098,2.879,2.534,2.212,3.208,3.253,3.12,2.687,2.565,2.465,2.689,2.6,3.984,3.376,1.122,1.286,2.509,2.465,3.224,2.8,2.257,2.917,2.796,2.076,2.181,2.464,3.275,2.716,2.733,3.095,2.157,3.603,3.002,3.22,2.744,2.969,1.94,3.006,1.747,1.385,1.968,1.236,2.176,2.161,0.919,2.405,1.975,2.226,2.507,2.519,3.59,3.204
01.11.2012,1.425,1.241,0.246,2.851,1.772,0.201,1.765,1.339,2.1,1.199,1.202,1.15,2.3,0.935,1.03,2.582,2.063,3.794,2.568,1.628,1.761,2.409,2.19,0.351,1.002,2.536,1.679,3.009,2.732,2.17,1.748,1.983,2.105,2,1.588,1.903,1.595,1.424,1.724,2.22,1.255,1.325,1.223,1.244,1.207,0.849,0.892,1.004,1.971,0.471,0.271,0.594,1.128,0.269,0.428,1.773,1.592,2.191,1.605,2.257,1.755
01.12.2012,0.475,0.238,0.1,0.78,0.232,0.1,0.721,0.3,0.743,0.236,0.188,0.211,0.671,0.172,0.176,0.734,0.586,0.908,0.615,0.48,0.621,0.695,0.871,0.106,0.104,0.618,0.476,0.711,0.697,0.767,0.635,0.756,0.867,0.726,0.58,0.587,0.531,0.323,0.364,0.581,0.245,0.375,0.235,0.205,0.249,0.243,0.158,0.202,0.485,0.124,0.106,0.103,0.106,0.1,0.106,0.636,0.837,0.728,0.775,0.912,0.499
01.01.2013,0.452,0.116,0.1,1.07,0.128,0.1,0.608,0.114,0.46,0.74,0.657,0.109,0.248,0.105,0.106,0.901,0.2,0.437,0.307,0.197,0.266,0.223,0.446,0.542,0.1,0.255,0.24,0.764,0.949,1.44,0.643,0.875,0.727,0.44,0.277,0.229,0.183,0.108,0.19,0.219,0.124,0.125,0.117,0.133,0.714,0.643,0.106,0.103,0.125,0.426,0.765,0.1,0.1,0.1,0.266,0.318,1.29,1.527,1.49,1.274,0.225
01.02.2013,1.093,0.36,0.1,6.191,0.558,0.1,1.775,0.357,1.785,0.272,0.251,0.247,1.556,0.181,0.161,5.537,0.731,2.704,1.432,0.364,0.839,0.723,2.621,0.114,0.101,1.429,0.533,5.438,5.757,6.068,2.265,2.673,2.33,1.345,0.79,0.673,0.367,0.338,0.324,0.68,0.158,0.315,0.284,0.234,0.198,0.154,0.2,0.158,0.714,0.118,0.116,0.108,0.11,0.1,0.119,1.342,4.523,5.392,6.301,6.257,0.4
01.03.2013,2.191,5.32,0.125,2.455,4.02,0.14,3.129,1.697,3.11,1.819,1.76,1.343,3.766,2.693,2.282,4.459,2.634,5.483,2.662,2.042,3.321,3.012,6.133,1.519,0.448,4.014,2.387,4.143,4.634,2.062,3.577,3.927,3.981,3.84,3.313,2.047,1.839,1.546,1.683,2.122,3.309,1.74,1.607,1.534,1.981,1.664,3.079,1.925,5.498,1.261,0.991,0.583,0.59,0.122,0.353,3.281,4.76,3.486,3.59,5.429,2.109
01.04.2013,3.03,13.564,0.611,1.375,7.197,0.688,2.369,2.106,2.274,3.195,2.822,2.01,7.968,7.256,7.849,1.753,2.12,5.556,2.627,1.588,2.246,2.909,3.383,2.536,1.813,4.509,2.202,1.507,1.375,1.539,2.16,2.4,2.302,2.032,2.638,2.236,1.695,1.849,2.29,3.713,10.146,2.473,2.74,2.169,3.254,4.033,6.916,9.929,5.379,2.998,2.38,3.406,3.577,0.407,3.304,2.249,1.689,1.67,1.538,2.825,2.157
01.05.2013,2.953,7.4,4.066,1.073,4.579,3.411,1.794,1.752,1.682,2.394,2.237,1.827,6.885,6.716,4.088,1.415,1.554,5.18,2.172,1.826,1.817,2.78,2.451,2.549,2.597,6.105,1.67,1.953,1.35,1.163,1.545,1.665,1.662,1.565,1.643,2.026,1.914,1.762,1.858,2.694,5.748,1.775,1.994,1.864,2.385,2.839,6.314,5.315,3.691,3.097,2.563,3.735,4.108,2.177,3.392,1.425,1.771,1.426,1.765,2.316,1.843
01.06.2013,2.442,4.776,2.68,1.31,3.373,3.011,1.556,1.852,1.516,1.93,1.996,1.524,6.347,3.57,3.093,2.417,2.078,4.152,2.174,1.883,1.567,2.081,2.244,2.217,2.236,2.846,1.507,2.087,1.734,1.34,1.547,1.442,1.436,1.515,1.48,1.659,1.791,1.55,1.622,1.881,4.883,1.949,1.832,1.761,1.944,2.334,3.238,3.181,2.465,2.267,2.318,4.29,4.958,3.742,2.322,1.328,1.138,1.325,1.299,2.136,1.53
01.07.2013,2.749,4.369,3.144,1.35,4.075,4.621,1.723,2.493,2.063,2.464,2.228,2.227,4.937,4.155,3.4,1.725,2.379,3.4,2.904,2.399,2.529,2.832,3.221,2.337,2.412,3.308,2.374,2.333,1.894,1.294,1.925,2.032,2.489,2.181,2.304,2.365,2.155,2.148,2.09,2.884,4.076,2.543,2.577,2.381,2.794,3.105,3.883,3.147,2.915,2.425,2.328,2.986,2.855,3.447,2.247,2.365,2.784,2.314,1.453,1.936,2.073
01.08.2013,2.55,5.831,3.756,1.055,6.169,4.276,1.971,1.962,2.083,2.597,2.462,1.967,3.055,3.844,3.409,1.285,1.954,2.927,1.826,1.912,2.026,2.028,3.111,2.562,2.745,2.601,1.885,1.134,0.982,1.115,1.728,1.981,1.964,1.905,1.758,1.98,1.945,1.942,2.014,2.162,3.863,2.2,2.156,2.201,2.777,2.711,3.924,2.475,2.164,2.762,2.161,2.985,3.008,7.481,3.363,1.748,1.7,1.436,1.432,1.698,1.916
01.09.2013,2.036,3.364,2.732,0.949,3.5,2.735,1.626,1.543,1.581,2.028,2.027,1.695,2.114,3.72,3.585,1.157,1.478,2.377,1.676,1.42,1.559,1.64,1.668,1.783,1.857,1.875,1.484,1.078,0.987,1.066,1.588,1.845,1.562,1.499,1.49,1.51,1.509,1.523,1.554,1.577,2.947,1.613,1.705,1.805,1.924,1.94,3.388,3.513,1.856,1.84,2.013,1.94,2.353,2.95,2.345,1.397,1.236,1.225,1.335,1.76,1.582
01.10.2013,2.66,2.915,2.548,1.949,5.917,1.246,1.976,2.496,2.179,2.661,2.649,3.002,3.124,4.839,4.513,2.486,2.55,3.813,3.057,2.825,2.575,3.334,3.43,2.509,2.603,2.686,2.479,1.834,1.536,2.172,2.547,2.805,2.429,2.312,2.357,2.748,2.613,2.448,2.621,2.468,2.611,2.535,2.678,2.685,2.579,3.403,3.493,5.316,2.176,2.979,2.826,1.955,2.264,3.075,4.218,2.305,1.89,1.95,2.154,3.186,3.057
01.11.2013,1.845,1.125,0.192,2.584,2.132,0.21,2.014,2.688,1.697,1.714,2.523,1.691,2.566,1.88,1.159,3.051,2.454,3.555,2.55,1.614,2.084,3.054,3.654,0.898,0.455,2.382,1.712,2.517,2.266,3.002,1.837,2.328,2.411,3.19,2.171,2.077,2.003,1.687,2.312,2.171,1.761,1.876,1.601,1.843,1.6,1.381,1.025,1.001,2.405,0.859,0.918,0.329,0.731,0.204,1.474,2.049,1.824,3.048,3.036,3.388,2.126
01.12.2013,0.587,0.713,0.1,0.877,0.368,0.101,0.655,0.47,0.682,0.268,0.241,0.492,0.666,0.28,0.265,0.856,0.513,0.817,0.56,0.65,0.535,0.605,1.1,0.118,0.109,0.555,0.586,0.784,0.838,1.171,0.616,0.687,0.99,1.036,0.611,0.582,0.786,0.812,0.747,0.947,0.923,0.593,0.455,0.402,0.212,0.302,0.235,0.197,0.377,0.148,0.137,0.105,0.103,0.101,0.121,0.651,0.808,0.876,1.113,1.151,0.582
01.01.2014,0.415,0.178,0.1,1.217,0.172,0.1,0.703,0.247,0.835,0.105,0.104,0.265,0.362,0.109,0.111,1.064,0.394,0.5,0.553,0.182,0.231,0.548,0.891,0.1,0.1,0.413,0.217,1.213,1.22,2.184,0.771,1.187,1.243,0.887,0.275,0.285,0.156,0.227,0.306,0.315,0.156,0.374,0.359,0.365,0.108,0.101,0.109,0.109,0.461,0.1,0.1,0.1,0.1,0.1,0.1,0.323,2.052,2.373,2.566,1.941,0.211
01.02.2014,0.952,0.214,0.1,1.867,0.816,0.1,1.321,0.414,1.439,1.602,1.343,0.171,2.117,0.322,0.153,1.727,1.635,1.499,1.956,1.254,1.27,1.315,2.076,0.104,0.361,1.402,0.938,1.91,1.854,3.145,1.402,1.464,1.636,1.57,1.609,1.736,1.095,0.469,0.742,0.418,0.254,0.442,1.039,0.878,1.157,0.136,0.175,0.168,2.335,0.164,0.102,0.905,0.12,0.1,0.204,2.027,1.907,2.347,2.577,4.293,0.544
01.03.2014,3.313,2.645,0.732,5.61,7.231,0.694,4.14,2.502,4.163,2.301,2.617,2.825,5.799,2.453,2.855,6.51,3.422,4.095,3.184,2.754,3.098,4.395,8.295,1.938,2.294,3.887,2.638,6.178,5.264,6.078,4.368,4.573,3.022,4.092,3.154,2.893,2.864,2.68,3.471,3.163,1.793,2.102,3.027,2.301,1.925,2.614,2.475,1.576,8.053,1.988,1.832,2.377,2.062,0.11,2.266,2.769,4.255,4.567,6.625,8.024,3.201
01.04.2014,3.579,7.071,3.476,2.411,5.046,4.089,2.425,2.719,2.051,2.965,3.36,2.668,7.932,8.406,7.574,2.25,3.08,5.314,2.367,2.054,2.974,3.097,3.078,3.246,3.532,5.032,2.346,2.338,2.301,2.234,2.038,2.339,2.028,1.828,2.908,2.611,2.181,2.355,2.725,2.928,5.127,2.668,3.033,2.936,2.919,3.957,8.755,5.435,4.452,4.729,3.155,3.868,4.354,2.437,3.261,2.316,1.55,1.753,1.488,2.469,2.225
01.05.2014,2.856,8.085,4.141,1.583,3.681,3.788,1.293,2.012,1.433,2.604,2.565,1.876,4.875,8.239,4.632,1.733,2.403,4.658,2.356,2.117,1.675,2.476,1.925,3.106,2.846,3.653,1.515,2.316,1.681,1.761,1.235,1.318,1.342,1.371,1.63,1.637,1.977,1.841,1.728,1.964,6.214,1.887,2.183,1.989,2.11,3.074,6.422,5.37,2.906,3.027,3.101,2.831,4.061,3.928,3.51,1.319,1.443,1.873,1.335,2.071,1.557
01.06.2014,2.489,5.423,3.681,1.333,3.265,3.185,1.645,1.801,1.517,2.058,2.16,1.532,10.106,5.126,4.301,1.441,1.805,4.025,3.295,1.67,1.511,3.245,1.729,2.268,2.343,3.306,1.427,1.602,1.456,1.258,1.59,1.552,1.722,1.352,1.552,1.565,1.707,1.768,1.438,1.845,4.192,1.815,1.94,1.926,1.742,2.489,4.882,4.7,2.268,2.926,2.02,2.498,2.881,3.527,2.738,1.416,1.565,1.332,1.659,1.984,1.426
06.07.2014,2.514,3.713,2.694,1.023,2.904,3.03,1.837,2.778,1.706,4.283,3.232,2.123,3.835,4.144,3.806,1.353,2.591,3.8,2.591,1.778,1.693,1.666,2.262,1.801,2.074,2.677,1.759,1.2,1.004,1.103,1.835,2.028,1.664,1.722,1.716,1.792,2.085,2.548,1.861,2.027,3.427,2.545,3.306,2.426,3.88,4.732,4.545,2.318,2.58,2.293,1.739,2.156,2.547,3.957,2.419,1.705,1.593,1.412,1.724,2.222,1.548
01.08.2014,2.311,2.769,3.15,1.23,7.13,3.509,1.621,2.061,2.076,2.64,2.296,1.719,2.787,3.765,4.239,1.626,1.792,3.017,1.95,1.679,1.811,1.82,4.173,2.033,2.284,1.88,1.979,1.527,1.168,1.02,1.647,1.985,1.892,1.884,1.936,1.73,1.898,1.839,1.664,1.824,2.647,2.085,2.32,2.076,2.774,3.294,2.957,2.132,1.824,2.437,1.734,2.813,2.744,3.513,2.836,1.763,1.423,1.323,1.349,1.517,1.584
01.09.2014,1.995,3.244,3.111,1.256,6.468,2.346,1.514,1.671,1.717,1.934,1.824,1.691,2.351,3.055,2.772,1.517,1.679,3.158,1.894,1.514,1.567,1.617,1.771,1.943,2.133,2.547,1.445,1.379,1.212,1.218,1.491,1.664,1.809,1.633,1.527,1.656,1.576,1.607,1.623,1.594,2.854,1.802,1.682,1.768,1.97,1.989,2.354,2.493,1.563,2.141,1.891,2.116,2.283,2.943,2.641,1.504,1.397,1.238,1.346,1.963,1.497
01.10.2014,2.384,2.613,1.675,2.095,6.034,1.608,1.149,2.798,1.488,2.392,2.439,2.847,3.635,2.199,2.85,2.171,2.886,4.46,3.239,2.076,2.042,4.015,2.775,1.801,1.491,4.416,2.506,2.456,1.922,2.885,1.331,1.3,2.163,1.602,2.098,2.368,2.042,2.545,2.924,1.995,2.994,2.214,3.024,2.765,1.83,1.861,2.008,3.098,3.178,2.686,1.609,1.738,1.63,1.437,1.978,1.935,1.332,1.531,1.815,2.771,2.672
01.11.2014,1.58,1.221,0.553,3.196,2.024,0.427,2.336,1.77,2.519,1.219,1.292,2.005,3.053,0.911,1.367,3.279,2.84,3.638,2.908,2.127,2.62,2.792,4.265,0.408,0.381,3.303,2.788,3.497,3.121,3.416,2.716,2.96,3.027,2.855,2.691,2.486,1.642,1.852,2.576,2.137,1.304,1.666,1.296,1.534,1.077,1.266,0.714,0.951,2.421,0.769,0.381,0.404,0.621,0.585,0.471,2.256,3.009,3.227,2.967,4.432,2.383
01.12.2014,0.495,0.207,0.1,1.003,0.452,0.1,0.979,0.285,0.843,0.207,0.238,0.354,0.667,0.166,0.194,0.938,0.693,0.686,0.703,0.594,0.798,0.843,1.376,0.117,0.106,0.848,0.741,0.894,1.054,1.032,0.912,0.992,1.06,0.777,0.946,0.616,0.481,0.46,0.727,0.649,0.324,0.355,0.273,0.243,0.217,0.216,0.159,0.173,0.522,0.137,0.111,0.105,0.113,0.101,0.14,0.772,0.903,0.903,1.145,1.276,0.722
01.01.2015,0.438,0.105,0.1,0.986,0.165,0.1,0.884,0.115,0.527,0.102,0.103,0.107,0.278,0.1,0.1,1.057,0.258,0.445,0.311,0.137,0.441,0.369,0.746,0.1,0.1,0.325,0.294,0.78,0.901,1.201,0.925,0.817,0.704,0.471,0.517,0.502,0.137,0.127,0.438,0.172,0.107,0.118,0.107,0.101,0.102,0.101,0.1,0.1,0.164,0.1,0.1,0.137,0.126,0.1,0.377,0.255,2.168,2.126,1.885,1.534,0.245
01.02.2015,1.35,1.552,0.1,2.656,1.183,0.1,1.914,1.517,1.997,1.476,1.321,0.799,1.416,1.408,0.961,2.424,1.523,2.407,1.667,1.256,1.199,1.517,3.085,0.374,0.109,1.765,0.518,2.513,2.346,3.094,2.208,2.155,2.472,2.179,0.658,0.779,1.078,1.081,0.92,1.142,1.451,1.487,1.137,0.8,1.839,0.521,0.153,0.111,2.204,0.673,1.056,0.452,0.33,0.1,0.492,1.297,3.243,3.808,3.42,3.713,1.02
01.03.2015,3.11,3.762,4.36,3.69,7.931,4.145,4.48,1.575,3.135,2.271,2.29,1.946,5.165,2.322,2.354,4.024,2.972,6.113,3.523,1.791,2.254,3.703,5.531,2.216,1.961,4.967,3.065,4.229,3.56,4.454,4.666,3.736,4.177,3.402,2.835,2.435,1.789,1.386,3.231,1.962,2.77,1.598,1.86,1.884,2.129,1.869,1.802,0.941,7.161,2.954,2.089,2.384,2.58,2.708,2.539,3.365,6.642,3.924,4.672,5.477,2.266
01.04.2015,3.777,8.598,2.533,2.953,6.672,2.618,2.622,2.866,2.222,3.638,3.604,3.088,7.686,5.46,6.18,3.433,4.738,5.107,5.406,2.431,2.88,3.307,4.249,2.547,2.782,4.487,3.1,3.639,3.598,2.851,2.321,2.411,1.83,2.053,2.538,4.226,3.073,3.18,5.283,6.024,7.006,2.859,4.136,4.179,3.388,3.687,6.284,6.045,4.099,4.657,2.845,2.9,4.41,0.208,3.342,2.006,1.96,2.713,2.033,2.626,4.496
01.05.2015,2.915,5.8,2.27,1.914,5.075,2.967,1.697,2.377,1.72,2.49,2.839,2.31,4.438,7.299,4.917,2.438,2.735,3.192,2.711,3.035,1.795,1.956,1.776,3.511,3.49,2.846,1.775,1.958,2.157,1.909,1.629,1.626,1.928,1.661,1.898,2.268,2.262,3.198,2.509,2.459,3.45,2.633,2.605,2.255,2.341,3.46,5.108,4.281,2.548,3.784,2.99,4.124,4.695,1.933,3.291,1.922,1.662,2.005,1.404,1.98,2.719
01.06.2015,2.596,3.813,2.283,1.19,5.18,3.039,1.487,2.08,1.439,2.517,2.282,1.72,3.973,3.59,4,1.301,1.904,4.461,1.836,1.928,1.88,2.13,2.551,2.602,3.038,2.72,1.48,1.4,1.665,1.346,1.381,1.546,2.13,1.628,1.755,1.945,1.806,2.454,1.837,1.872,3.181,1.928,2.134,2.048,2.456,2.949,2.714,3.281,2.3,3.123,2.792,3.914,3.858,4.983,3.118,1.56,2.018,1.774,1.512,1.827,1.942
01.07.2015,2.417,5.09,2.583,1.267,4.778,2.749,1.288,2.047,1.469,2.2,2.412,1.915,3.197,2.525,2.395,1.472,1.961,2.69,2.102,1.594,1.607,2.107,3.685,1.894,2.592,2.198,1.491,2.819,1.871,1.235,1.275,1.317,1.66,1.616,1.546,1.799,1.822,1.979,1.823,2.877,3.754,2.069,1.946,2.068,1.965,2.428,1.987,1.022,2.718,2.134,2.039,3.712,3.381,3.764,2.282,1.559,2.637,1.985,1.731,1.998,1.836
01.08.2015,2.569,3.694,4.002,1.188,2.382,4.422,2.017,2.366,1.908,2.749,2.441,2.538,3.274,4.521,3.553,1.512,2.069,3.321,2.03,1.99,1.938,1.887,2.565,2.543,2.594,2.261,1.847,1.283,1.41,1.614,1.92,1.93,1.852,1.757,1.921,2.52,2.188,2.302,2.124,2.333,4.148,2.124,2.521,2.406,2.769,2.873,3.448,2.735,2.358,2.863,2.65,2.558,3.536,7.437,3.065,1.763,1.843,1.705,1.989,2.341,2.221
01.09.2015,1.987,2.205,3.445,1.191,3.943,3.49,1.594,1.725,1.424,1.643,2.06,1.803,2.265,3.282,2.959,1.134,1.573,2.3,1.801,1.698,1.447,1.833,1.923,2.136,1.879,2.102,1.471,1.209,1.146,1.188,1.584,1.667,1.52,1.469,1.478,1.64,1.47,1.404,1.721,1.624,2.228,1.606,1.742,1.931,1.744,1.942,2.105,2.368,1.548,2.641,1.879,1.999,2.402,3.138,2.614,1.574,1.271,1.358,1.296,1.726,1.508
01.10.2015,2.585,3.511,2.847,1.719,7.13,3.115,1.592,2.027,2.609,2.107,2.037,2.509,3.947,3.55,3.177,2.735,2.897,4.073,2.75,2.675,2.913,3.538,3.117,2.297,2.399,4.142,1.847,1.763,1.486,3.062,1.693,1.887,2.948,2.355,2.004,2.825,2.091,2.153,2.493,1.826,3.064,1.79,2.146,2.121,2.151,2.308,3.392,5.301,2.129,2.532,2.248,2.764,2.715,2.267,2.626,1.901,2.234,1.999,2.533,3.576,2.778
01.11.2015,1.712,2.314,0.244,3.175,2.658,0.269,2.19,1.584,2.319,1.386,1.977,1.538,2.986,1.319,1.176,3.302,2.403,3.591,2.81,1.951,2.351,3.375,3.478,0.877,0.563,2.938,2.059,3.575,3.324,2.709,1.773,2.414,2.602,2.503,2.179,2.356,1.724,1.467,1.909,1.964,1.507,1.386,1.645,1.374,1.332,1.171,1.032,1.459,1.376,0.849,0.629,0.491,0.753,1.055,1.179,2.241,2.616,2.874,3.057,3.538,2.628
01.12.2015,0.603,0.574,0.102,1.095,0.47,0.101,1.034,0.516,1.191,1.157,0.467,0.497,0.84,0.205,0.209,1.163,0.636,1.137,0.721,0.567,0.778,0.987,1.704,0.115,0.111,0.81,0.78,1.2,1.319,1.335,1.031,1.074,1.247,1.19,0.708,0.746,0.606,0.466,0.944,0.951,0.598,0.592,0.931,0.872,0.332,0.241,0.241,0.22,0.369,0.134,0.128,0.106,0.115,0.102,0.132,0.918,1.255,1.346,1.431,1.445,0.869
01.01.2016,0.351,0.442,0.1,0.623,0.191,0.1,0.886,0.259,0.848,0.389,0.26,0.282,0.573,0.105,0.107,0.63,0.341,0.664,0.454,0.346,0.511,0.501,0.649,0.124,0.114,0.497,0.328,0.6,0.627,0.935,0.875,0.83,0.817,0.855,0.429,0.409,0.271,0.253,0.36,0.397,0.532,0.198,0.247,0.347,0.125,0.105,0.119,0.107,0.186,0.156,0.1,0.118,0.21,0.1,0.348,0.488,0.886,0.897,0.833,0.795,0.335
01.02.2016,1.748,0.828,1.03,1.758,2.249,0.107,2.27,1.037,1.707,3.383,1.003,1.007,2.106,1.363,2.122,3.101,2.044,3.381,2.118,0.36,1.193,1.719,3.422,1.744,3.463,1.624,1.407,1.932,1.819,2.318,2.367,2.097,2.083,1.562,1.174,1.481,0.392,1.287,1.624,1.511,1.371,1.849,4.323,1.156,1.053,0.318,0.319,0.154,2.669,2.115,2.493,3.568,0.743,0.101,1.283,1.285,4.019,3.209,3.919,6.635,1.034
01.03.2016,3.226,5.205,0.175,3.04,8.803,1.203,3.995,3.363,3.27,2.923,3.315,3.072,8.029,3.263,3.415,3.887,4.635,8.355,5.035,2.519,3.927,6.465,3.873,2.185,2.042,5.926,2.757,3.928,3.826,2.303,4.099,2.82,4.421,3.368,3.33,3.202,3.234,3.352,3.125,4.246,3.694,2.805,4.169,3.469,2.662,2.817,1.891,2.767,6.392,2.674,1.805,1.55,1.076,0.131,2.73,3.758,3.9,2.769,2.482,6.39,3.483
01.04.2016,3.246,6.222,2.613,1.527,5.276,3.839,1.517,3.244,1.879,3.547,2.209,2.68,10.102,5.414,4.477,1.94,6.031,9.141,4.507,3.244,2.442,5.699,3.259,1.828,3.049,8.04,1.688,3.004,1.813,1.995,1.482,1.959,2.116,2.21,2.268,2.839,3.347,3.402,1.928,3.322,7.116,2.961,3.734,1.838,3.695,3.865,6.62,7.322,3.087,3.569,2.272,3.754,3.851,0.674,3.18,1.993,1.45,1.429,1.532,2.392,3.485
01.05.2016,2.557,8.917,3.721,1.37,3.503,3.239,1.502,1.765,1.444,2.055,1.845,1.65,3.383,5.679,4.151,1.781,1.82,4.799,1.982,1.782,1.828,2.152,1.856,2.358,2.265,3.075,1.707,1.757,1.389,1.343,1.499,1.635,1.406,1.529,1.705,1.724,1.805,1.755,1.653,2.275,7.414,1.906,1.85,1.729,1.954,2.886,7.89,5.848,2.628,2.112,2.209,2.385,2.865,1.915,2.651,1.639,1.63,1.502,1.535,2.066,1.573
01.06.2016,2.551,7.847,2.631,1.416,3.117,3.99,1.628,1.981,1.6,2.34,2.307,2.052,3.848,3.742,4.02,1.787,2.199,4.548,1.898,2.046,1.59,1.754,3.056,2.317,2.372,2.49,1.638,2.196,1.543,1.441,1.492,1.467,1.502,1.626,1.55,1.631,1.937,1.928,1.993,1.959,5.247,2.047,2.184,2.106,2.317,3.161,3.838,4.225,1.844,2.222,2.275,2.587,3,4.367,2.115,1.438,2.717,2.764,3.192,3.359,1.881
01.07.2016,2.573,3.99,2.79,1.508,5.285,2.86,2.224,2.488,1.845,3.122,2.354,2.371,3.528,3.907,2.962,1.935,2.226,4.109,3.065,2.499,1.994,2.827,4.145,2.307,2.773,3.14,2.025,2.483,1.956,1.409,2.027,2.143,1.882,2.016,2.262,2.384,2.339,2.568,1.659,2.405,4.49,2.442,2.581,2.512,3.218,3.548,2.303,1.131,3.292,2.877,2.152,3.444,3.07,4.204,2.595,1.899,1.708,1.743,1.321,1.846,2.389
01.08.2016,2.413,2.833,3.402,1.1,9.255,4.052,2.088,2.535,1.726,2.468,2.116,2.193,2.556,3.608,2.931,1.213,1.842,3.134,1.88,2.089,1.761,2.053,4.87,2.273,2.458,2.234,1.805,1.226,1.346,1.059,2.099,1.891,1.988,1.806,1.734,1.914,1.937,2.393,1.625,2.077,2.875,2.266,2.251,2.391,2.449,2.755,2.565,2.385,2.184,2.507,2.056,2.688,3.095,4.342,2.64,1.735,1.589,1.394,1.304,1.749,2.053
01.09.2016,2.447,3.054,6.793,0.96,5.609,5.721,1.659,1.994,1.789,2.474,2.485,1.907,2.476,3.812,3.031,1.264,1.655,2.848,1.789,1.675,1.616,2.229,2.257,2.595,2.649,2.099,1.769,1.077,1.061,1.188,1.696,1.662,1.681,1.696,1.679,1.781,1.85,2.08,1.889,1.896,3.057,2,2.242,2.043,2.54,2.866,2.65,1.974,1.917,2.525,2.413,3.069,2.914,7.969,3.053,1.641,1.451,1.141,1.399,1.6,1.901
01.10.2016,2.122,2.943,1.658,1.859,4.998,1.628,1.475,1.066,1.849,1.551,1.982,1.546,2.404,2.681,3.044,2.359,1.745,3.493,1.869,1.032,1.366,3.01,3.328,1.437,1.434,3.086,1.191,2.172,1.607,1.846,2.138,2.458,3.259,2.199,1.443,1.743,0.833,0.719,1.611,1.786,2.43,1.219,1.213,1.736,1.536,2,2.673,2.46,4.014,1.512,1.714,1.477,1.586,1.631,1.942,1.729,2.454,2.125,2.258,4.095,1.705
01.11.2016,1.407,1.091,0.205,1.943,0.999,0.602,2.645,0.748,2.267,0.949,1.087,0.95,2.636,0.897,0.958,2.579,2.136,3.121,2.156,1.564,2.308,3.147,2.459,0.548,0.341,2.314,1.629,2.036,2.179,2.29,2.118,2.284,2.124,2.093,2.176,1.965,1.719,0.766,1.723,2.266,0.96,0.856,0.696,0.88,0.81,1.634,0.828,1.056,1.768,0.646,0.333,0.344,0.289,0.172,0.679,2.412,1.725,1.898,2.255,2.782,2.048
01.12.2016,0.555,0.249,0.101,1.016,0.325,0.102,0.93,0.334,1.785,0.233,0.218,0.871,0.732,0.167,0.21,0.846,0.59,0.869,0.64,0.511,0.868,0.728,1.512,0.107,0.104,0.646,0.821,0.861,0.885,0.988,1.279,1.098,1.669,1.392,0.87,0.614,0.515,0.477,0.644,0.795,0.416,0.372,0.281,0.467,0.209,0.265,0.166,0.189,0.326,0.115,0.11,0.103,0.102,0.1,0.111,0.984,1.135,1.083,1.308,1.167,0.545
01.01.2017,0.551,0.115,0.1,1.429,0.324,0.1,1.613,0.125,1.22,0.433,0.362,0.49,0.287,0.166,0.35,1.267,0.488,0.452,0.47,0.268,0.496,0.578,1.311,0.537,0.346,0.367,0.667,1.425,1.556,1.659,1.635,1.564,1.149,1.065,0.488,0.525,0.215,0.143,0.452,0.424,0.14,0.136,0.118,0.352,0.137,0.111,0.154,0.103,0.224,0.356,0.279,0.343,0.162,0.1,0.514,0.834,1.695,2.225,2.143,2.113,0.308
01.02.2017,1.69,2.74,1.115,2.588,1.513,0.943,2.141,2.356,2.068,2.595,1.701,1.698,1.479,0.69,2.55,2.563,1.56,1.425,1.383,1.48,1.564,1.34,3.288,2.146,1.26,1.324,1.583,2.461,2.608,2.426,2.174,2.602,2.311,2.107,1.462,1.428,1.333,1.413,1.384,1.263,2.063,1.828,2.388,2.006,2.518,1.731,0.21,0.18,2.352,1.577,2.256,1.488,0.625,0.102,0.735,1.723,2.61,2.756,2.724,3.053,1.558
01.03.2017,2.971,2.501,1.284,5.754,7.612,1.014,2.87,2.105,2.588,3.349,3.063,2.469,5.89,3.004,2.04,5.718,2.582,5.815,3.233,2.066,2.459,4.167,7.271,3.139,3.193,3.682,1.873,6.213,5.115,4.966,2.915,3.091,3.446,2.948,2.136,2.311,2.182,2.296,2.65,2.28,2.368,1.767,2.283,2.75,2.628,2.083,1.371,0.44,6.932,3.079,2.877,2.875,2.391,0.118,2.429,2.836,6.827,6.962,6.149,6.235,2.537
01.04.2017,3.422,9.494,2.017,2.839,6.486,2.322,3.622,4.208,3.178,3.336,3.654,2.434,7.973,4.198,4.863,2.909,4.898,7.94,3.569,3.791,3.858,4.672,3.438,2.843,3.01,4.922,3.467,3.314,3.697,2.727,2.645,2.786,3.823,4.519,4.369,2.514,3.678,2.992,3.456,5.845,5.734,2.644,3.428,2.996,3.761,3.977,8.656,3.76,4.982,3.688,2.677,2.943,3.557,0.289,3.205,3.476,1.661,2.46,2.135,2.002,3.35
01.05.2017,2.976,14.724,3.788,1.74,4.322,4.371,1.441,1.875,1.494,2.491,2.148,1.958,5.169,6.657,4.866,1.831,3.017,4.205,2.401,2.25,1.812,2.135,2.115,2.625,3.074,4.497,1.759,2.135,1.895,2.021,1.402,1.59,1.652,1.548,1.719,1.893,2.316,2.184,1.81,4.615,12.903,2.422,2.409,1.933,2.504,3.222,7.193,5.374,2.615,2.552,2.616,2.941,3.649,3.215,2.77,1.849,1.562,1.705,1.458,1.987,1.735
01.06.2017,2.73,7.356,4.892,1.622,4.398,4.433,1.448,2.161,1.657,2.237,2.317,1.773,3.648,4.798,3.308,1.624,2.066,3.923,2.006,2.044,2.029,1.916,2.528,2.282,2.641,2.564,1.651,1.404,1.519,1.526,1.451,1.599,1.743,1.717,1.812,1.976,1.969,2.275,1.627,3.097,6.604,2.219,2.384,2.187,2.33,2.949,4.451,2.793,1.724,2.089,2.401,2.475,3.425,4.189,2.119,2.082,1.606,1.446,1.636,1.973,1.781
01.07.2017,2.372,5.131,3.552,0.987,2.824,4.215,1.349,2.353,1.564,2.519,2.009,1.923,2.988,3.799,3.38,1.983,2.12,3.067,1.925,1.764,1.531,2.024,2.229,1.968,2.305,2.375,1.294,0.88,0.914,0.939,1.456,1.554,1.34,1.578,1.667,1.748,2.018,2.339,1.784,2.476,4.585,2.356,2.436,2.314,2.502,2.523,3.985,1.678,2.243,1.718,1.97,2.242,3.433,4.063,2.009,1.435,2.189,1.825,1.425,2.425,1.876
01.08.2017,2.578,3.807,3.599,1.168,5.637,3.557,1.63,2.634,1.775,3.097,2.454,2.093,3.012,3.744,3.532,1.187,2.134,2.993,2.004,2.176,1.9,2.084,3.52,2.55,2.961,2.381,1.737,1.14,1.113,1.315,1.65,1.831,1.708,1.781,1.93,2.064,2.203,2.72,2.347,2.602,4.002,3.005,2.543,2.688,2.921,2.502,4.329,1.731,2.129,2.448,2.727,2.695,3.021,7.418,3.152,1.718,1.688,1.402,1.372,1.627,2.347
01.09.2017,2.152,4.32,2.222,1.44,3.552,2.197,1.567,2.338,1.37,2.615,2.758,2.595,1.812,3.23,3.837,1.472,1.834,2.17,1.815,1.883,1.461,1.55,2.564,2.355,1.877,1.803,1.408,1.683,1.449,1.214,1.482,1.358,1.533,1.592,1.385,1.679,1.797,2.215,2.469,2.038,3.131,2.099,2.485,2.441,2.671,2.487,2.309,3.679,1.975,2.447,2.241,1.86,2.374,3.995,2.507,1.346,1.342,1.142,1.32,1.671,2.828
01.10.2017,2.733,5.394,0.73,2.966,2.83,0.717,3.382,3.168,3.435,3.158,2.673,3.163,3.501,5.341,4.414,2.698,3.486,5.247,3.136,3.341,3.71,4.191,3.728,1.256,1.349,3.557,2.872,2.321,2.689,2.865,3.625,3.629,4.083,3.363,2.791,3.474,2.866,2.955,2.632,2.044,3.782,2.735,3.403,2.878,3.354,3.533,3.527,4.01,3.109,1.454,2.385,1.877,2.507,0.702,1.735,3.279,2.388,2.434,2.439,3.279,3.057
01.11.2017,1.561,2.273,0.195,2.749,1.64,0.197,2.195,1.571,3.318,2.177,1.285,1.495,1.964,1.235,1.246,3.203,1.879,2.955,1.831,1.842,2.288,2.524,3.105,1.477,0.291,1.88,2.028,2.496,2.377,3.146,2.295,2.47,3.317,2.476,2.045,1.933,1.731,1.562,1.912,1.944,2.234,1.462,1.969,1.243,1.762,1.155,0.895,1.271,2.261,0.974,1.054,0.295,0.368,0.209,0.584,2.196,2.371,2.69,2.645,3.391,2.019
01.12.2017,0.588,0.419,0.101,1.011,0.513,0.101,0.738,0.645,1.315,0.315,0.253,0.532,0.589,0.179,0.242,0.938,0.537,0.703,0.544,0.541,1.312,0.727,1.085,0.113,0.107,0.653,1.377,0.955,1.01,1.235,0.716,0.705,1.333,1.155,0.988,1.269,0.574,0.39,0.713,0.421,0.341,0.412,0.901,1.619,0.336,0.253,0.165,0.235,1.408,0.149,0.124,0.106,0.112,0.102,0.119,1.57,0.892,1.005,1.056,1.097,0.896
01.01.2018,0.565,0.148,0.1,1.54,0.363,0.1,0.498,0.131,0.851,0.122,0.351,0.233,0.421,0.101,0.121,1.312,0.313,0.684,0.397,0.175,0.307,0.515,1.058,0.144,0.1,0.406,0.263,1.238,1.264,2.209,0.664,0.829,1.799,1.285,0.276,0.315,0.148,0.131,0.454,0.236,0.147,0.134,0.138,0.135,0.12,0.118,0.102,0.11,0.305,0.307,0.1,0.1,0.1,0.1,0.329,0.42,1.932,2.136,2.363,2.255,0.26
01.02.2018,1.377,0.653,0.101,2.885,1.253,0.102,2.704,0.298,1.858,0.314,0.649,0.642,2.157,0.283,2.248,2.779,2.339,2.479,2.565,0.879,1.813,2.537,4.34,0.247,0.383,2.716,1.303,2.922,2.974,3.013,1.929,2.269,2.752,2.46,1.692,1.316,0.517,0.401,1.29,1.596,0.38,0.309,0.285,0.389,0.185,2.082,0.211,0.166,1.241,0.925,0.118,0.324,0.17,0.101,0.862,1.832,3.108,3.287,3.658,3.692,1.15
01.03.2018,2.037,5.43,0.141,4.056,2.602,0.126,2.791,1.414,2.817,1.25,1.424,1.254,3.745,2.355,1.124,4.181,2.025,4.898,2.747,1.242,2.063,2.344,6.251,1.297,0.619,3.017,1.944,3.196,3.605,4.004,2.649,3.105,2.447,2.342,1.977,1.929,1.235,1.325,1.665,2.141,3.729,2.076,1.173,1.249,1.527,1.865,2.38,0.815,5.292,1.164,1.171,1.235,0.751,0.131,0.959,2.368,4.46,4.286,4.457,5.045,1.533
01.04.2018,3.695,10.235,0.427,3.372,7.341,0.351,3.062,4.111,3.372,3.558,3.639,2.887,10.082,5.978,5.06,2.479,4.326,6.233,4.151,2.947,3.805,3.919,5.517,3.129,2.974,4.521,3.047,2.431,2.243,3.062,3.074,3.441,2.806,3.01,3.385,3.729,3.805,3.625,4.29,4.799,5.562,3.9,3.615,2.893,4.298,4.689,6.523,6.833,4.337,3.135,2.965,2.727,4.122,0.336,2.748,2.583,3.681,3.232,3.249,5.302,3.105
01.05.2018,3.572,12.259,3.408,1.607,5.709,3.507,2.285,3.631,2.069,3.992,3.455,2.734,4.485,8.1,6.342,2.177,2.865,3.068,3.057,2.668,2.048,2.395,2.586,2.852,3.561,3.241,2.217,1.553,1.597,1.535,2.229,2.492,1.724,1.794,2.028,1.912,3.155,3.418,2.336,5.41,8.885,3.664,4.502,2.525,3.577,3.734,6.912,7.412,3.951,3.094,3.247,4.845,4.779,2.893,5.02,1.699,1.426,1.403,1.308,1.85,1.88
01.06.2018,3.068,6.808,6.131,1.358,5.018,4.763,2.038,2.023,2.041,2.88,2.891,1.93,2.332,5.082,4.384,1.502,2.042,3.159,2.05,2.411,1.625,1.589,3.756,2.504,3.185,2.403,1.67,1.259,1.238,1.453,2.318,2.286,1.831,1.751,1.49,1.962,2.145,1.899,1.992,2.36,6.784,2.211,2.355,2.39,3.426,3.481,5.363,3.288,1.672,3.674,2.972,4.523,5.348,6.06,3.499,1.396,1.562,1.71,1.612,1.596,1.935
01.07.2018,2.696,5.25,3.878,1.078,1.803,4.24,1.714,2.662,1.976,2.97,2.739,2.293,4.685,5.138,4.472,1.181,2.941,3.031,2.929,2.379,2.034,3.057,2.594,2.43,2.67,2.839,2.101,0.989,1.025,1.105,1.801,1.917,1.772,1.856,1.845,2.191,2.122,2.369,2.146,2.099,5.041,2.939,2.943,2.422,3.034,2.904,4.676,2.81,2.287,3.303,2.425,2.539,2.795,4.167,2.456,1.946,1.654,1.43,1.396,1.631,2.188
01.08.2018,2.58,3.647,4.161,1.169,7.495,6.098,1.652,2.715,1.787,2.395,2.408,2.256,3.048,4.061,3.953,1.289,1.804,2.953,2.004,1.716,1.574,2.152,3.745,2.304,3.012,2.377,1.635,1.465,1.411,1.197,1.765,1.908,1.735,1.877,1.605,1.774,1.789,2.483,2.138,1.988,4.135,2.539,2.523,2.232,2.525,3.519,4.628,2.633,1.888,2.55,2.519,3.357,3.33,4.312,2.208,1.656,1.375,1.455,1.629,1.807,1.563
01.09.2018,2.539,3.154,6.042,1.286,6.927,6.413,1.901,2.227,1.734,2.764,2.497,2.352,2.157,4.191,3.448,1.205,1.788,2.469,2.344,2.081,2.185,2.026,4.338,2.785,2.782,2.335,2.225,1.412,1.216,1.527,1.805,1.875,1.766,1.82,2.067,2.194,1.813,2.255,1.971,1.986,3.589,2.419,2.588,2.12,3.274,2.793,2.996,1.742,1.991,2.551,2.601,2.942,3.249,3.635,2.425,1.763,1.726,1.567,1.433,1.669,2.026
01.10.2018,3.177,3.766,2.994,1.753,9.44,3.096,2.649,3.622,3.134,3.289,3.587,3.272,2.749,5.072,2.896,1.774,2.509,3.234,2.675,2.829,3.547,3.232,4.489,3.12,3.351,2.681,3.443,2.053,2.214,1.806,2.239,2.355,2.726,2.829,3.881,3.492,2.902,2.578,3.755,2.534,4.225,3.409,3.265,3.752,3.292,2.436,3.852,3.161,2.158,2.606,2.911,3.527,2.74,5.521,2.498,2.667,2.275,1.952,2.41,2.825,2.529
01.11.2018,1.777,1.832,0.441,1.964,1.853,0.671,2.257,1.893,2.481,1.571,2.07,2.613,2.403,1.019,1.114,2.333,2.708,2.879,2.749,1.911,2.185,2.73,2.594,2.021,0.505,2.379,2.083,2.342,1.98,2.064,2.334,2.3,2.296,2.587,2.051,2.123,1.843,1.942,2.469,2.161,2.062,1.825,2.042,1.4,1.079,1.074,0.952,1.214,1.456,0.779,1.111,1.374,0.707,0.224,1.579,2.037,2.229,2.59,2.318,3.106,1.983
01.12.2018,0.567,1.525,0.102,0.949,0.361,0.1,0.623,0.34,0.706,0.228,0.217,0.601,0.744,0.2,0.307,0.744,0.731,1.083,0.776,0.478,0.624,1.279,0.975,0.146,0.111,0.782,0.478,0.824,0.831,1.129,0.647,0.657,0.871,0.734,0.559,0.744,0.438,0.364,0.557,0.847,1.546,0.421,0.242,0.399,0.248,0.367,0.174,0.219,0.455,0.121,0.123,0.108,0.115,0.103,0.264,0.774,0.914,1.056,1.021,0.958,0.578
01.01.2019,0.418,0.119,0.1,1.084,0.166,0.1,0.702,0.131,0.488,0.105,0.107,0.122,0.264,0.1,0.101,1.334,0.235,0.494,0.282,0.139,0.232,0.396,0.765,0.1,0.1,0.281,0.198,0.943,1.093,1.632,0.956,1.004,0.615,0.415,0.242,0.223,0.147,0.131,0.226,0.207,0.12,0.13,0.11,0.103,0.104,0.137,0.102,0.104,0.155,0.106,0.1,0.1,0.1,0.1,0.1,0.19,1.941,2.264,1.857,1.409,0.167
01.02.2019,1.317,1.356,0.134,3.381,0.989,0.1,2.295,1.154,2.084,0.858,0.981,0.951,0.905,0.193,0.19,2.928,1.46,1.597,1.519,1.278,1.914,1.531,3.144,0.796,0.253,1.275,1.508,3.701,3.25,3.653,2.074,2.258,2.458,2.367,1.538,1.35,1.669,2.061,1.679,1.181,0.864,0.838,0.765,1.025,0.807,0.284,0.138,0.12,0.652,0.654,0.308,0.113,0.109,0.1,0.497,1.692,2.376,3.482,3.446,4.408,1.829
01.03.2019,2.902,1.161,0.124,7.31,7.474,0.112,6.383,1.657,6.351,1.541,1.984,2.349,3.788,0.353,0.528,8.732,2.918,5.466,3.292,1.896,5.099,5.245,10.485,0.32,0.141,3.49,3.509,9.727,9.352,5.911,6.082,5.731,7.561,6.464,4.783,2.684,2.347,2.394,3.998,2.675,1.231,1.544,1.773,2.357,1.663,1.331,0.747,0.583,6.184,0.556,0.315,0.246,0.402,0.119,0.283,5.603,5.531,3.783,6.058,7.49,3.144
01.04.2019,3.318,7.679,2.571,2.498,7.347,2.173,2.484,2.848,2.57,3.25,3.2,3.013,4.927,4.546,5.249,2.772,2.426,3.531,2.532,2.568,2.52,2.961,3.195,2.259,2.271,3.334,2.727,2.5,2.426,2.099,2.379,2.401,2.241,2.321,2.528,2.813,2.487,2.755,3.07,4.338,5.879,2.649,3.103,3.665,3.346,4.122,7.275,6.997,4.716,3.473,2.681,2.488,3.1,2.855,2.997,2.484,2.073,1.763,1.91,2.401,2.743
01.05.2019,3.068,7.171,4.272,2.265,5.027,4.455,2.343,2.66,2.329,2.623,2.616,2.767,3.145,5.93,5.209,2.424,2.161,3.255,2.449,2.261,2.425,2.612,1.959,2.843,3.354,3.597,2.526,1.808,2.156,1.966,2.266,2.219,2.27,2.156,2.517,2.41,2.153,2.581,2.667,2.78,7.325,2.679,2.619,2.325,2.835,3.522,5.853,5.547,3.652,3.151,2.717,3.576,4.032,4.447,3.074,2.088,1.613,1.576,1.504,2.012,2.514
01.06.2019,2.37,4.462,3.675,1.156,3.876,4.279,1.542,2.156,1.66,2.633,2.564,2.164,3.021,3.634,3.377,1.236,1.75,2.82,1.954,1.739,1.628,1.812,1.885,2.136,2.448,2.592,1.56,1.151,1.229,1.221,1.495,1.512,1.5,1.611,1.633,1.795,1.923,1.863,1.848,1.728,5.272,1.973,2.569,2.208,2.508,3.043,3.895,4.305,1.534,2.393,2.14,2.592,3.491,5.059,2.513,1.454,1.108,1.278,1.396,1.726,1.848
01.07.2019,2.427,4.339,3.6,1.056,2.988,3.802,1.898,2.932,1.943,3.21,2.839,2.611,2.521,4.183,3.94,1.26,2.31,2.476,2.398,2.115,1.97,1.965,3.045,2.101,2.511,2.25,1.78,1.308,1.066,1.137,1.863,1.876,1.972,2.254,2.092,2.131,2.385,2.45,1.871,2.18,4.432,2.433,3.265,2.787,3.594,3.339,2.545,1.772,2.071,2.789,2.17,2.489,3.355,4.471,2.116,1.88,1.636,1.545,1.402,1.858,1.988
01.08.2019,2.4,2.99,3.133,1.5,4.854,3.115,2.221,2.443,1.931,2.996,2.854,2.478,2.842,3.577,3.205,1.463,2.295,3.328,2.188,1.971,1.822,2.225,3.821,2.323,2.451,2.935,1.775,1.601,1.5,1.366,2.118,2.07,2.002,2.028,1.937,1.979,2.244,2.361,2.104,2.047,2.775,2.646,2.976,2.875,3.055,3.145,2.983,2.581,1.977,2.523,2.051,2.644,2.594,3.513,2.698,1.791,1.735,1.623,1.547,1.904,1.915
01.09.2019,2.294,1.863,2.274,1.446,11.993,2.194,1.561,3.509,2.236,2.114,2.947,2.935,1.579,3.166,2.987,1.499,2.015,2.484,1.956,1.31,1.909,1.579,4.42,1.68,1.983,1.93,2.142,1.694,1.742,1.484,1.896,1.262,1.727,2.179,1.803,2.126,1.876,2.156,2.113,1.629,2.01,1.834,3.202,3.053,2,1.769,2.099,2.215,1.511,2.51,1.888,2.435,2.391,2.334,2.038,1.466,1.43,1.483,1.477,1.737,3.465
01.10.2019,2.875,1.799,0.744,2.775,2.931,0.594,3.867,4.097,5.235,3.412,2.64,2.566,5.129,2.82,3.059,2.697,3.685,5.832,4.057,3.514,3.564,4.426,3.048,1.314,1.356,4.054,3.625,3.672,3.247,3.127,3.795,3.682,4.756,4.37,3.331,4.284,3.108,3.594,3.764,2.747,2.354,3.257,3.575,2.789,3.1,2.273,2.784,2.91,1.043,1.554,1.517,1.076,1.175,0.681,0.938,2.949,2.22,2.643,2.372,3.648,4.662
01.11.2019,1.611,1.647,0.178,2.828,1.059,0.178,2.001,1.54,2.239,1.201,1.213,0.92,2.172,1.156,1.104,2.835,2.104,3.29,2.105,1.6,2.29,2.356,2.298,0.438,0.306,2.232,1.805,2.955,2.877,2.713,2.116,2.231,3.143,2.499,1.984,2.082,1.608,1.507,1.941,2.206,1.332,1.562,1.251,0.971,0.938,0.953,1.063,1.126,0.996,0.389,0.314,0.255,0.277,0.173,0.334,2.434,2.45,2.594,2.358,3.187,2.042
01.12.2019,0.517,0.34,0.1,1.025,0.289,0.1,0.93,0.305,0.752,0.247,0.193,0.198,0.787,0.224,0.229,0.98,0.724,1.157,0.765,0.456,0.681,1.206,1.008,0.113,0.105,0.903,0.603,1.075,1.044,1.099,0.928,0.902,1.007,0.824,0.694,0.632,0.455,0.304,0.579,0.689,0.333,0.381,0.279,0.196,0.263,0.214,0.241,0.226,0.641,0.116,0.119,0.103,0.104,0.1,0.113,0.767,1.075,1.061,1.149,1.194,0.648
01.01.2020,0.487,0.151,0.1,0.947,0.35,0.1,0.995,0.112,0.375,0.109,0.113,0.109,0.317,0.113,0.106,0.78,0.303,0.762,0.322,0.138,0.213,0.661,0.95,0.1,0.1,0.437,0.208,0.919,1.219,1.35,1.027,0.971,0.97,0.522,0.206,0.187,0.125,0.116,0.274,0.236,0.164,0.119,0.111,0.106,0.113,0.119,0.123,0.103,0.327,0.103,0.105,0.1,0.1,0.1,0.101,0.288,2.257,2.197,1.755,2.093,0.199
01.02.2020,2.061,0.718,0.1,6.286,4.143,0.1,4.415,0.37,2.187,0.286,0.364,0.443,2.422,0.356,0.287,6.249,1.732,4.663,2.41,1.647,2.002,4.337,7.403,0.137,0.118,2.882,1.135,7.255,7.749,6.769,4.492,3.817,4.861,2.859,1.79,1.319,0.581,0.462,1.652,1.877,1.168,0.234,0.318,0.363,0.378,0.8,0.507,0.184,6.313,0.234,0.169,0.154,0.237,0.106,0.188,2.609,8.002,6.851,6.581,9.74,1.743
01.03.2020,3.984,4.138,0.796,3.238,10.769,0.751,5.303,4.805,5.955,3.59,3.821,3.401,8.277,3.309,3.044,3.522,4.263,7.764,5.374,3.314,5.338,5.753,10.44,1.453,1.78,6.274,4.928,4.868,4.021,2.505,5.71,5.904,6.979,6.661,5.722,4.669,3.461,4.731,6.43,3.25,4.394,3.353,3.864,3.636,2.975,2.838,4.651,1.985,8.07,2.914,1.434,1.689,2.472,0.435,2.145,6.152,2.235,1.877,1.726,2.578,4.114
01.04.2020,3.888,6.286,1.394,2.449,7.917,2.653,2.72,4.148,3.025,4.707,4.709,3.694,5.676,4.18,4.174,2.389,3.915,4.834,3.99,5.559,3.55,4.047,2.617,3.496,3.237,4.26,2.959,3.103,3.03,2.746,2.485,2.601,2.673,2.896,3.401,5.074,5.333,5.326,4.115,3.952,4.076,4.261,4.238,4.385,4.678,3.324,5.001,5.479,6.058,4.768,3.7,3.873,4.188,0.768,3.938,3.486,1.978,2.184,1.758,1.79,4.434
01.05.2020,2.589,5.094,2.81,2.022,2.692,3.236,1.892,2.189,2.181,2.479,2.419,2.338,2.597,4.608,4.434,1.945,2.628,2.456,2.781,2.124,1.79,1.888,1.294,2.481,2.605,2.238,1.791,2.433,2.079,1.823,2.034,2.058,2.128,2.254,1.988,2.318,2.139,2.665,2.289,2.548,4.745,2.284,2.734,2.858,3.073,3.369,2.881,4.412,2.442,2.719,2.716,2.733,3.254,3.108,2.451,2.081,1.721,1.81,1.671,1.994,2.236
01.06.2020,2.193,3.769,3.416,1.403,1.907,3.399,1.563,2.029,1.655,2.359,2.257,1.591,2.563,3.228,3.382,1.34,2.191,2.852,2.334,2.283,1.95,2.503,2.111,2.014,2.324,2.867,1.716,1.693,1.462,1.547,1.529,1.839,1.56,1.562,1.671,1.894,2.235,2.251,1.97,2.211,2.283,2.428,1.848,1.986,2.342,2.917,2,3.667,1.781,2.351,1.909,2.285,2.864,3.885,2.165,1.6,1.749,1.629,2.154,2.3,2.182
01.07.2020,2.345,2.708,1.728,1.901,5.337,2.384,2.136,2.886,2.532,2.944,2.526,2.246,3.234,3.357,3.524,1.995,1.768,4.435,2.208,2.099,1.846,1.887,3.729,1.86,2.063,2.377,2.298,3.5,2.712,1.47,2.184,2.472,2.16,2.369,1.933,2.133,2.351,2.566,2.115,1.821,2.944,2.81,2.995,2.526,2.855,3.271,1.894,1.645,2.391,2.434,1.727,2.36,2.526,2.177,2.754,1.956,2.489,2.081,1.729,2.08,2.213
01.08.2020,2.252,2.695,1.766,1.5,3,2.237,1.962,2.249,2.007,2.857,2.182,2.61,3.33,1.425,3.075,1.481,2.337,3.989,2.895,2.047,1.935,2.914,3.112,1.797,1.715,3.671,1.858,1.656,1.569,1.526,2.337,2.185,2.275,2.105,2.119,2.409,2.079,1.981,3.163,2.158,2.686,2.418,2.338,2.273,3.144,2.948,2.306,1.189,1.9,2.685,2.305,2.254,2.037,2.435,2.349,1.974,1.772,1.524,1.631,1.915,2.325
01.09.2020,2.248,2.772,1.339,1.502,7.224,1.506,2.481,2.336,2.384,1.983,3.505,2.678,2.344,2.018,2.313,1.48,1.907,3.131,2.096,2.111,2.049,2.176,3.394,1.667,1.292,2.575,2.266,1.816,1.68,1.677,2.529,2.37,2.576,2.491,2.19,2.053,2.207,2.292,3.529,2.158,1.693,2.063,2.094,2.558,1.806,1.542,1.818,2.149,1.648,2.629,1.449,2.188,2.314,1.378,2.349,2.326,1.813,2.346,1.785,2.068,2.692
01.10.2020,2.337,1.332,0.792,2.197,2.061,0.802,1.223,2.654,1.404,2.432,2.064,3.121,2.138,3.451,3.694,2.026,1.416,3.783,2,1.635,1.211,3.239,3.586,1.035,1.371,2.762,1.419,2.941,2.467,2.48,1.456,1.282,2.074,1.522,1.399,1.848,1.552,2.814,4.362,1.37,1.537,2.383,2.808,2.681,2.708,2.344,3.318,3.69,2.165,1.615,1.687,1.271,1.374,0.739,1.188,1.323,1.511,1.763,1.71,2.126,3.121
01.11.2020,1.815,1.599,0.198,3.638,2.339,0.189,2.855,1.554,2.772,1.208,0.857,1.141,2.962,1.239,1.223,3.444,2.409,4.463,2.946,1.961,2.533,3.956,4.65,0.401,0.299,3.384,2.054,3.98,4.048,3.911,2.9,2.839,3.222,2.876,2.472,2.695,1.754,1.613,2.748,2,1.627,1.378,1.231,0.725,1.147,1.036,1.284,1.517,1.646,0.411,0.345,0.291,0.37,0.218,0.412,2.257,2.616,2.998,3.248,4.314,2.705
01.12.2020,0.556,0.431,0.101,1.196,0.601,0.101,1.125,0.335,1.282,0.266,0.24,0.291,0.988,0.235,0.25,1.114,0.935,1.331,0.984,0.622,1.075,0.948,1.775,0.114,0.106,1.017,0.957,1.103,1.085,1.182,1.089,1.217,1.527,1.379,1.045,0.959,0.444,0.403,0.834,0.762,0.473,0.346,0.278,0.285,0.238,0.23,0.234,0.262,0.27,0.129,0.122,0.106,0.116,0.102,0.124,1.07,0.969,0.933,0.979,1.492,0.907
01.01.2021,0.3,0.133,0.1,0.728,0.165,0.1,0.455,0.115,0.526,0.103,0.104,0.124,0.265,0.1,0.101,0.596,0.254,0.509,0.273,0.178,0.345,0.335,0.776,0.1,0.1,0.29,0.301,0.626,0.686,0.923,0.488,0.631,0.884,0.597,0.333,0.297,0.132,0.128,0.275,0.203,0.122,0.141,0.103,0.107,0.102,0.107,0.101,0.102,0.133,0.1,0.1,0.1,0.1,0.1,0.1,0.419,0.847,0.857,1.047,0.995,0.277
01.02.2021,0.885,0.315,0.104,3.5,0.411,0.105,1.598,0.323,1.853,0.149,0.186,0.346,1.011,0.184,0.154,3.246,0.735,1.626,1.165,0.324,0.821,0.87,2.553,0.108,0.111,0.792,0.594,2.765,3.068,3.774,1.405,2.249,2.516,1.653,0.743,0.686,0.362,0.535,0.737,0.771,0.233,0.237,0.217,0.224,0.143,0.231,0.203,0.156,0.599,0.167,0.109,0.112,0.138,0.1,0.109,1.144,2.241,2.79,3.334,3.371,0.486
01.03.2021,3.215,1.818,0.131,9.544,6.459,0.124,6.51,2.473,7.296,1.56,2.009,2.193,4.71,1.292,1.275,10.015,3.374,6.078,3.776,3.659,4.486,6.067,9.084,0.327,0.248,3.455,4.592,8.741,7.785,6.18,6.695,8.06,7.728,6.897,4.638,3.873,3.995,3.183,4.215,3.551,1.559,1.643,1.748,1.666,1.758,2.352,1.713,1.468,5.179,0.848,0.648,0.34,0.688,0.121,0.36,4.373,6.287,5.474,7.835,7.528,3.711
01.04.2021,4.389,8.474,0.464,2.841,8.823,0.496,3.295,6.771,4.812,4.419,4.08,3.912,8.387,5.602,5.346,3.143,5.01,6.047,5.178,6.85,5.25,4.497,4.3,2.821,2.507,4.449,3.824,4.766,4.127,2.663,3.156,3.464,3.741,3.786,5.817,4.936,7.713,7.499,5.433,6.912,7.304,6.163,5.655,4.052,5.152,4.176,7.374,5.88,5.117,5.016,2.596,3.229,4.121,0.563,2.892,4.103,2.092,1.871,1.898,2.237,5.392
01.05.2021,2.992,5.214,1.735,1.524,4.732,1.559,2.473,3.44,2.428,4.987,5.638,3.44,3.56,4.621,4.047,1.551,2.524,4.318,2.798,2.824,2.047,2.502,2.085,3.158,3.678,3.348,3.062,2.466,2.117,1.932,1.986,1.905,2.254,2.449,2.555,2.672,2.985,3.286,4.158,2.95,3.999,3.285,3.693,4.805,4.734,2.759,4.152,4.566,3.623,3.917,3.512,3.923,4.15,1.741,3.244,2.658,1.612,1.958,1.388,1.913,3.529
01.06.2021,2.123,2.633,1.544,1.417,3.069,1.518,1.645,2.172,1.919,2.273,2.171,2.201,1.495,2.933,3.17,1.439,2.622,2.891,1.892,2.057,1.901,2.012,1.981,2.604,2.519,2.222,1.905,1.884,1.619,1.713,1.749,1.842,2.047,1.895,1.933,1.952,2.048,2.179,1.971,2.474,3.28,2.105,2.312,2.25,2.146,2.604,2.677,3.542,1.56,3.261,2.648,3.359,3.161,1.879,2.596,1.422,1.767,2,1.841,1.874,2.014
01.07.2021,2.098,2.84,1.835,1.65,1.572,2.165,2.452,2.413,2.598,2.188,2.173,2.19,3.11,1.624,2.268,1.584,2.241,4.157,2.299,2.462,2.461,2.504,2.356,2.771,2.678,3.015,2.382,1.924,1.834,1.747,2.632,2.871,2.645,2.608,2.432,2.394,2.237,2.375,2.23,2.467,2.554,2.361,2.758,2.502,1.877,2.84,1.963,1.784,2.259,2.791,2.44,2.875,3.528,1.769,2.771,2.687,2.474,2.474,2.422,2.572,2.463
01.08.2021,2.091,1.885,1.841,1.475,6.103,2.001,1.85,2.16,2.309,2.074,2.926,1.876,2.238,1.434,1.776,1.637,1.817,2.996,1.772,1.848,1.699,1.99,4.239,1.853,1.755,2.155,2.556,1.874,1.62,1.587,1.838,1.87,2.127,2.244,1.912,1.861,1.999,1.856,4.609,2.055,1.929,1.994,2.096,1.969,2.032,2.035,1.911,1.774,1.811,2.525,1.865,1.641,1.838,1.888,2.064,1.868,1.607,1.658,1.511,2.051,2.179
01.09.2021,2.278,1.642,1.689,1.383,2.167,1.951,2.374,1.718,2.642,1.411,1.843,2.46,2.417,2.535,3.022,1.448,2.217,2.987,2.431,2.063,2.319,1.877,1.848,2.285,2.049,2.539,2.313,1.626,1.522,1.345,2.602,2.423,2.169,2.432,2.32,2.426,1.988,1.682,2.066,2.179,1.491,1.71,1.474,2.958,2.004,1.782,2.256,4.682,2.349,2.56,3.232,2.757,3.174,1.872,1.66,2.435,1.736,1.746,1.77,2.272,2.172
01.10.2021,2.585,2.323,0.625,2.33,3.188,0.618,2.553,3.156,4.15,1.987,1.713,1.964,4.285,2.883,2.56,2.289,3.521,6.372,3.94,2.895,3.694,5.365,6.352,1.216,0.896,4.989,4.042,3.135,2.835,2.1,2.436,2.493,3.265,3.036,3.915,4.138,1.919,2.487,5.11,2.148,2.158,2.496,2.727,1.587,2.208,2.692,3.377,3.758,1.659,1.324,0.751,0.816,0.663,0.619,1.382,2.185,1.616,1.806,1.944,2.526,5.254
01.11.2021,1.546,0.838,0.175,2.986,2.132,0.206,2.816,1.176,3.076,0.8,0.606,0.832,2.097,0.73,0.75,2.946,2.014,3.185,2.146,1.348,2.417,2.651,3.59,0.32,0.214,2.299,2.082,3.632,3.3,3.365,2.687,2.86,3.628,3.09,2.33,1.996,1.271,1.184,2.028,2.039,0.939,1.197,0.84,0.672,0.724,0.541,0.61,0.872,1.181,0.406,0.288,0.279,0.483,0.168,0.577,2.284,2.68,2.952,2.845,4.013,2.17
01.12.2021,0.435,0.288,0.1,1.028,0.309,0.1,1.045,0.416,1.045,0.201,0.157,0.361,0.651,0.144,0.152,0.986,0.522,1.008,0.606,0.343,1.143,0.678,0.71,0.111,0.104,0.715,0.667,0.958,1.033,1.066,0.987,1.022,1.254,1.092,0.987,0.71,0.4,0.335,0.515,0.617,0.211,0.385,0.231,0.176,0.175,0.137,0.141,0.157,0.246,0.125,0.119,0.101,0.101,0.1,0.121,0.865,0.904,0.964,0.969,1.21,0.526
01.01.2022,0.331,0.11,0.1,0.976,0.161,0.1,0.615,0.123,0.35,0.101,0.102,0.149,0.25,0.1,0.1,0.805,0.186,0.392,0.213,0.121,0.246,0.359,0.946,0.1,0.1,0.25,0.203,0.893,1.002,1.224,0.637,0.758,0.525,0.382,0.224,0.174,0.128,0.125,0.285,0.222,0.101,0.119,0.103,0.101,0.1,0.104,0.1,0.1,0.12,0.1,0.1,0.1,0.1,0.1,0.101,0.27,1.224,1.502,1.452,1.342,0.17
01.02.2022,1.31,0.143,0.1,5.456,1.35,0.1,3.686,0.162,1.568,0.146,0.2,0.165,0.729,0.105,0.105,4.337,0.802,1.65,1.068,0.256,0.826,2.359,5.182,0.104,0.1,1.307,0.679,5.987,6.204,6.075,3.696,3.41,2.726,1.721,0.711,0.558,0.247,0.241,1.103,0.45,0.133,0.166,0.152,0.166,0.134,0.176,0.111,0.11,0.598,0.122,0.104,0.104,0.106,0.1,0.102,1.25,6.729,7.148,6.98,7.381,0.771
01.03.2022,3.484,1.427,0.156,5.436,9.501,0.146,9.848,2.787,8.679,3.209,2.781,2.806,5.663,1.258,0.741,5.702,6.325,9.371,6.371,3.835,6.682,5.903,10.505,1.176,0.784,8.001,7.449,7.199,5.92,3.471,9.635,7.203,10.602,7.987,6.013,5.13,4.029,2.618,8.026,3.458,1.068,1.697,2.743,3.918,2.213,1.726,0.663,0.28,6.248,1.434,0.832,1.238,1.158,0.112,1.615,7.294,8.529,5.646,4.462,9.163,5.403
01.04.2022,4.179,7.722,0.237,1.99,7.747,0.287,2.315,6.813,3.829,5.142,4.528,5.283,7.171,3.526,4.824,2.452,6.318,9.316,6.17,6.713,7.049,7.338,3.753,2.021,2.839,7.436,6.936,4.486,3.408,1.671,2.076,1.996,3.389,3.491,7.272,6.986,7.005,7.941,8.912,4.87,5.594,4.676,5.848,4.748,4.765,3.696,5.306,2.969,4.995,4.905,2.464,2.668,3.083,0.353,3.094,5.348,1.5,1.414,1.414,1.822,7.234
01.05.2022,2.88,3.991,2.503,1.705,5.105,2.236,1.475,4.076,1.733,3.48,2.812,2.802,2.63,5.376,4.858,2.111,2.383,3.911,2.566,2.804,1.482,3.109,2.028,2.969,3.531,3.616,1.293,2.808,2.473,1.584,1.595,1.841,1.698,1.707,1.308,2.62,2.933,4.115,2.731,2.297,2.993,4.107,4.614,2.858,3.198,2.516,4.519,5.802,3.842,3.876,2.895,3.32,3.156,2.592,2.541,1.37,1.573,1.388,1.207,1.934,2.117
01.06.2022,2.013,1.689,2.811,1.357,3.775,2.525,1.084,1.408,1.166,2.118,1.646,1.226,1.862,3.456,3.015,1.591,1.74,3.072,1.78,1.543,1.339,2.34,2.273,2.026,2.125,2.469,1.312,2.268,1.982,1.545,1.027,0.995,1.423,1.216,1.211,1.799,1.715,1.217,2.967,1.687,1.658,1.298,1.889,1.181,2.126,2.119,3.34,3.791,1.284,3.384,2.337,2.38,2.845,2.632,2.121,1.138,1.639,2.179,2.308,2.658,1.538
01.07.2022,1.988,1.59,2.348,1.338,4.869,2.209,2.276,1.206,1.995,1.674,1.584,1.704,1.782,2.451,2.434,1.634,1.285,2.509,1.282,1.662,1.827,1.944,2.608,2.222,1.994,1.66,1.323,2.62,1.747,1.421,2.465,2.462,2.771,2.255,1.731,1.536,1.509,1.322,2.977,1.349,1.65,1.331,1.462,1.431,1.65,1.734,1.435,1.449,2.495,3.092,1.987,2.209,1.953,2.93,2.212,1.809,2.198,2.198,1.82,2.399,1.492
01.08.2022,2.046,1.847,1.598,1.408,3.316,1.665,2.348,1.82,2.454,1.806,0.98,2.416,2.993,1.644,1.6,1.409,2.494,4.189,2.751,2.161,2.055,3.249,1.982,1.107,0.971,3.597,2.372,1.792,1.563,1.495,2.518,2.724,2.797,2.513,2.228,2.263,2.091,2.101,2.531,2.071,2.077,2.246,1.958,2.037,1.508,1.541,2.106,1.55,2.043,2.205,1.035,1.489,1.261,1.685,1.951,2.247,1.848,1.878,1.842,2.078,1.961
01.09.2022,2.4,2.042,1.27,1.311,2.409,1.39,1.487,1.685,1.785,1.879,2.094,2.466,3.897,2.297,4.721,1.411,2.159,4.714,3.274,1.45,1.364,4.222,1.619,1.587,1.798,4.37,1.438,1.629,1.527,1.701,1.702,1.82,2.955,1.901,1.483,1.611,1.537,1.391,1.465,2.723,1.55,2.872,1.673,3.116,2.858,3.036,1.545,8,1.609,2.33,2.073,1.795,1.729,1.252,1.536,1.911,1.397,1.477,1.395,1.858,1.657
01.10.2022,2.522,3.374,1.087,1.874,5.164,0.872,2.185,1.82,1.897,1.985,1.953,2.075,4.556,3.878,4.855,2.261,1.985,3.37,2.39,1.524,1.983,2.882,4.757,2.235,2.874,3.268,1.912,2.514,2.145,1.985,2.172,2.359,2.146,1.545,1.732,2.779,2.074,1.753,1.795,2.726,3.446,2.202,2.028,2.077,2.632,3.372,3.36,4.817,1.766,2.64,1.695,3.355,3.856,0.737,4.495,1.913,1.668,1.752,1.805,3.17,1.872
01.11.2022,1.641,1.404,0.178,2.893,2.89,0.2,2.011,1.138,2.483,0.971,1.054,1.208,2.048,1.066,1.104,2.903,1.695,2.603,1.679,1.574,2.289,2.484,3.696,0.604,0.489,2.085,2.293,2.86,2.917,2.96,2.252,2.213,2.84,2.524,2.124,2.191,1.623,1.255,2.56,1.974,1.342,1.087,1.327,1.005,0.768,0.476,0.848,1.152,0.783,0.557,0.426,0.548,0.209,0.188,0.847,2.477,2.013,2.237,2.188,3.537,2.249
01.12.2022,0.398,0.357,0.1,0.861,0.207,0.101,0.612,0.218,0.792,0.173,0.169,0.334,0.576,0.172,0.175,0.852,0.575,0.879,0.6,0.456,0.777,0.744,0.792,0.116,0.104,0.614,0.738,0.821,0.834,0.8,0.676,0.683,1.253,0.991,0.767,0.68,0.364,0.313,0.76,0.549,0.312,0.255,0.183,0.194,0.158,0.148,0.158,0.165,0.174,0.134,0.106,0.103,0.101,0.101,0.117,0.916,0.891,0.74,0.692,1.081,0.725