data,AVG,119,A13,ANHOL,B1,BO3,BY1,BY15,BY2,BY29,BY31,BY38,K,LL3A,LL7,N14,P1,P104,P116,BCSIII10,BY5,PL-R4,REFM1,SR5,US5B,ZN4,FOE-BHB,KATTEG_4,DMU_905,VSJ_20925,OMIOW4,FOE-B11,OMBMPK3,OMREGION1,W_BORNHOL,BY7,FOE-B14,BY10,BY39,FOE-BP3,121,BY17,F80,BY32,LL17,HANKO_2,KAS-11,SJA772,LOS-15,F64,PORI_1,US2,F18,F3,SR1A,FOE-B03,OMTF0018,FOE-B01,FYN_67,Ã–RESUND_2,E_BORNH
01.01.2001,3.433,3.239,0.254,3.945,2.919,0.845,4.761,4.741,5.473,4.103,3.678,4.197,4.365,1.484,2.04,3.526,5.392,4.183,5.005,5.945,5.488,4.293,3.044,3.79,3.355,4.736,5.923,4.157,4.315,3.8,4.734,5.368,3.953,4.372,5.828,5.733,5.302,5.513,4.246,5.436,3.097,4.635,4.197,4.178,4.281,2.531,0.975,3.053,0.398,3.2,3.367,2.855,2.583,0.346,2.957,5.589,3.724,3.657,3.543,3.201,4.664
01.02.2001,2.273,1.936,0.161,2.051,2.034,0.277,3.371,3.599,3.491,3.079,2.501,3.183,3.455,0.578,0.937,1.69,3.98,3.468,3.978,4.508,4.159,3.134,2.273,1.728,1.044,3.686,3.912,2.26,2.538,2.614,3.115,3.253,3.099,3.117,4.146,4.15,4.226,3.959,3.132,3.588,1.891,3.393,3.255,2.911,2.639,1.459,0.35,1.767,0.574,1.827,0.966,0.733,0.004,0.011,1.587,4.182,2.701,2.667,2.661,2.402,3.58
01.03.2001,1.714,0.985,0.028,2.464,1.419,0.05,2.898,2.78,2.854,1.819,1.691,2.675,3.176,0.067,0.319,2.298,3.368,2.848,3.232,3.489,3.199,3.057,1.932,0.383,0.125,3.106,2.803,2.616,2.685,2.603,2.814,2.817,2.834,2.91,3.061,3.219,3.381,3.375,2.502,2.736,0.961,2.883,2.585,2.098,1.527,0.534,0.069,1.051,0.202,0.573,0.401,0.048,-0.051,0.029,0.369,3.341,2.721,2.733,2.555,2.285,2.84
01.04.2001,3.349,3.043,1.097,4.914,3.826,1.101,3.884,3.879,3.84,3.204,3.599,4.022,5.246,2.116,2.372,4.981,4.401,4.731,4.57,4.291,4.07,4.723,4.162,1.627,1.336,4.557,4.027,4.945,4.977,5.044,3.945,3.852,4.326,4.014,4.014,4.224,4.274,4.066,4.067,3.921,2.803,3.689,3.865,3.674,3.014,2.598,1.88,2.794,2.764,2.425,1.331,1.38,1.172,0.793,1.249,4.137,4.65,4.826,4.679,4.941,4.076
01.05.2001,7.459,8.506,2.98,10.771,7.978,2.799,8.889,7.1,8.726,6.932,7.31,7.706,9.929,6.472,6.625,10.984,8.815,8.719,9.467,7.554,7.971,8.545,9.487,4.019,4.257,8.307,8.1,10.265,10.51,10.686,8.881,8.937,8.998,8.855,7.897,7.748,7.344,7.313,7.573,8.538,8.048,7.16,7.17,7.382,6.82,6.489,6.261,7.285,7.344,5.535,3.928,4.806,5.155,2.606,3.827,8.297,10.463,10.944,10.559,10.878,7.656
01.06.2001,11.859,13.683,7.972,13.966,11.823,7.658,12.758,11.979,12.825,11.588,12.226,12.178,14.14,11.486,11.52,14.099,12.38,13.813,12.652,12.243,12.578,13.393,12.646,9.109,9.092,13.398,12.589,13.581,13.8,13.967,13.09,12.89,13.002,12.823,12.595,12.346,12.136,12.014,11.196,13.074,13.23,12.135,11.96,12.063,11.442,11.303,11.499,11.634,12.368,9.72,8.902,9.549,9.352,8.438,9.714,12.566,14.415,14.502,14.161,14.599,12.198
01.07.2001,17.816,20.597,13.377,19.011,17.53,13.99,18.258,18.587,18.206,18.133,17.842,18.186,19.545,19.032,18.364,19.429,18.306,19.088,18.46,18.355,18.327,18.308,18.475,16.118,15.334,18.406,18.033,18.558,18.7,18.785,18.127,18.252,18.382,18.328,18.234,18.262,18.547,18.687,17.37,19.219,20.454,18.726,18.412,18.264,18.012,18.404,19.053,18.077,19.398,16.028,15.862,14.549,15.413,14.606,15.4,18.336,18.746,19.01,18.753,19.147,18.476
01.08.2001,17.279,19.521,13.565,18.24,15.286,13.33,17.918,17.976,17.494,17.38,16.304,17.154,20.064,17.468,17.655,18.491,19.044,19.925,19.425,18.268,17.925,19.243,16.151,16.32,14.835,19.56,17.657,17.618,17.849,18.271,17.957,18.117,18.549,18.011,17.947,18.339,17.905,18.074,14.532,19.199,19.21,18.378,17.769,17.63,17.416,17.728,17.567,18.275,18.285,16.066,16.145,14.651,15.334,14.131,15.018,18.585,19.034,19.062,18.421,18.357,17.762
01.09.2001,14.571,15.289,11.992,15.331,14.632,12.015,14.876,14.693,14.732,14.404,14.248,14.347,16.55,14.46,14.884,15.508,15.685,16.607,16.064,14.648,14.719,15.802,14.705,13.714,13.031,16.533,14.492,14.973,15.148,15.591,15.016,15.103,15.036,14.928,14.759,15.244,14.288,14.346,14.408,15.988,15.123,14.939,14.559,14.463,14.879,15.416,14.994,14.374,14.744,14.163,14.088,12.933,13.862,12.48,12.751,15.539,16.012,16.076,15.769,15.255,14.605
01.10.2001,11.569,11.97,8.791,12.761,10.628,8.748,12.978,11.919,12.798,11.974,11.259,11.68,13.187,11.094,11.571,12.515,13.07,12.869,13.174,11.864,12.335,12.635,12.135,9.987,10.113,12.616,12.492,12.484,12.619,12.896,12.845,12.759,12.905,12.799,12.498,12.546,11.663,11.764,11.836,13.512,12.087,12.306,11.342,11.568,12.149,12.286,10.969,11.893,11.036,10.885,10.254,10.165,10.9,9.031,11.077,13.021,13.412,13.658,13.247,12.634,12.143
01.11.2001,7.366,7.63,4.764,8.481,6.206,4.909,9.475,8.436,9.093,8.057,7.378,7.443,8.519,6.924,7.656,8.399,9.488,8.841,9.252,8.832,9.042,8.616,6.64,6.184,6.046,8.705,9.027,8.548,8.575,8.685,9.606,9.56,9.068,9.083,9.276,8.79,8.572,8.215,7.528,9.532,7.615,8.443,8.024,7.711,8.141,7.849,6.428,7.464,5.451,7.395,6.749,6.122,6.426,4.781,6.667,9.307,9.046,8.944,8.479,8.023,7.976
01.12.2001,4.022,3.23,1.897,4.374,2.939,2.342,6.021,5.493,6.017,4.712,4.28,4.601,5.133,2.062,2.749,4.061,5.867,5.298,5.647,6.476,6.35,4.991,3.43,3.732,3.774,5.26,6.08,4.564,4.456,4.683,5.915,5.853,5.205,5.359,6.467,6.088,5.917,5.726,4.709,6.226,3.905,5.255,4.653,4.413,4.718,3.491,1.523,4.05,1.703,4.04,4.097,3.243,2.873,1.05,3.698,6.6,4.821,4.853,4.726,4.042,5.049
01.01.2002,2.195,0.888,0.306,2.761,2.012,0.34,3.501,3.799,3.197,2.424,2.199,2.988,2.539,0.972,1.268,2.621,4.021,2.483,3.618,4.107,3.85,2.483,1.596,1.932,1.411,2.658,3.062,3.328,3.142,2.671,3.559,3.367,3.289,3.323,3.144,3.325,3.79,3.934,2.705,3.088,1.067,3.717,3.433,2.494,2.192,1.509,0.673,1.166,0.056,1.367,1.138,1.002,0.593,0.19,0.982,3.821,2.478,2.458,2.5,1.693,3.277
01.02.2002,2.46,1.237,0.249,3.82,2.726,0.244,3.53,3.321,3.84,2.526,2.988,3.214,3.435,0.588,0.892,3.607,3.639,3.269,3.555,3.806,3.657,3.445,2.91,1.364,0.685,3.374,3.912,4.311,4.173,3.976,3.587,3.671,3.738,3.852,3.693,3.633,3.77,3.738,3.702,3.32,1.074,3.47,3.199,2.968,2.383,1.471,0.302,0.766,0.264,1.582,0.848,0.395,0.139,0.166,0.244,3.754,4.011,4.198,4.196,3.537,3.512
01.03.2002,2.406,1.315,0.222,3.899,2.755,0.233,3.666,3.074,3.705,2.452,2.689,3.27,3.645,0.51,0.883,3.758,3.523,3.434,3.529,3.473,3.517,3.49,3.057,0.892,0.437,3.366,3.614,3.968,3.983,4.007,3.72,3.693,3.709,3.722,3.53,3.384,3.359,3.316,3.489,3.237,1.215,3.152,2.852,3.063,2.318,1.469,0.367,0.746,0.757,1.179,0.654,0.307,0.059,0.156,0.47,3.613,4.203,4.315,4.1,3.733,3.216
01.04.2002,4.197,4.392,1.019,6.944,4.619,1.08,5.56,4.474,5.147,4.058,4.18,4.356,5.868,2.73,2.847,7.079,5.408,5.408,5.483,4.679,4.61,4.887,5.069,2.17,1.686,4.842,4.639,6.851,6.929,6.737,5.472,5.53,5.375,5.195,4.638,4.545,4.596,4.483,4.304,5.146,3.911,4.366,4.39,4.41,3.976,2.89,2.407,2.875,4.14,2.662,1.811,1.929,1.535,1.045,2.112,4.902,6.014,6.534,6.345,6.346,4.588
01.05.2002,8.479,10.044,3.455,11.704,8.869,3.064,8.785,8.803,8.835,8.178,7.954,8.343,10.11,8.149,7.98,11.989,10.619,10.027,11.372,8.331,7.958,8.378,9.941,5.484,5.672,9.424,7.863,11.338,11.392,11.465,9.077,9.204,9.156,8.802,7.817,7.995,8.416,8.453,7.847,10.461,9.644,9.257,8.32,8.197,8.011,7.785,7.687,7.635,9.507,6.354,4.724,6.018,5.911,3.099,6.176,8.538,10.64,11.085,11.092,11.412,8.201
01.06.2002,14.17,15.325,11.001,16.151,13.564,10.28,14.256,14.446,13.792,13.96,14.08,14.173,14.18,13.337,12.867,16.376,14.045,14.324,14.345,13.703,13.586,12.415,14.808,13.374,12.69,14.137,13.534,15.953,15.942,15.991,14.348,14.456,14.359,13.908,13.423,13.785,13.827,14.25,12.912,14.559,15.423,14.345,14.437,14.329,13.666,13.247,13.029,12.722,15.756,13.234,12.552,12.704,12.862,11.515,13.568,13.612,16.015,16.075,15.881,16.177,13.676
01.07.2002,16.887,18.521,14.931,17.645,15.789,15.065,16.3,17.075,16.012,17.131,16.524,16.552,17.359,17.174,16.963,17.861,17.078,17.778,17.231,16.584,16.257,16.355,15.757,16.263,16.894,17.43,15.795,17.513,17.451,17.343,16.316,16.44,16.724,16.476,16.124,16.625,16.37,16.417,13.688,17.266,18.245,17,17.304,17.339,16.945,16.963,17.289,17.629,18.294,16.195,16.429,16.897,16.606,15.611,16.191,16.762,17.744,17.751,17.505,17.964,16.157
01.08.2002,19.767,20.48,17.254,20.454,20.741,17.778,19.217,20.093,19.292,20.582,20.779,20.21,18.265,20.135,19.814,20.749,20.158,19.961,20.158,20.241,19.472,16.715,20.546,19.892,19.519,19.673,19.171,20.354,20.277,19.825,19.137,19.217,19.235,19.434,19.369,19.689,20.136,20.034,19.503,20.389,20.372,19.991,20.343,20.527,20.51,20.473,20.056,18.423,21.279,19.846,19.852,18.57,18.841,17.488,19.616,19.115,19.433,19.785,19.794,20.204,19.99
01.09.2002,16.324,17.715,12.787,17.653,15.235,12.782,18.349,17.441,18.214,17.062,16.653,17.299,16.876,15.636,15.436,17.702,17.855,17.254,17.515,18.091,17.618,16.272,17.818,15.322,14.897,16.88,18.031,17.029,17.239,17.582,18.519,18.334,18.017,18.236,17.678,17.606,17.778,17.608,17.525,17.971,17.564,17.506,17.202,17.214,16.874,16.519,15.152,15.255,15.958,14.949,14.872,13.582,14.308,13.492,13.77,17.86,18.474,18.497,17.927,17.748,17.711
01.10.2002,9.849,10.15,7.819,10.818,9.417,7.522,13.744,10.711,13.285,10.071,10.058,10.945,11.815,8.773,8.504,10.381,11.909,12.078,12.013,11.679,11.941,11.607,10.573,8.963,8.463,11.919,12.314,10.675,10.782,11.616,13.778,13.704,13.014,12.995,12.133,11.953,11.367,11.161,11.704,11.19,10.208,10.567,10.493,10.261,9.51,9.14,8.43,8.482,7.289,9.524,7.098,8.109,7.366,7.922,8.681,13.385,12.744,12.59,12.09,11.583,11.642
01.11.2002,5.832,6.131,4.178,6.67,5.301,4.283,9.532,7.313,9.262,6.088,6.097,6.763,8.157,4.003,4.159,5.914,8.586,8.045,8.453,7.924,8.724,7.998,6.375,5.219,4.647,8.408,8.503,6.504,6.747,6.968,9.13,9.487,8.697,8.677,8.821,8.939,7.559,7.582,7.372,8.265,6.159,7.213,6.527,6.582,5.499,4.405,3.924,4.619,2.922,6.004,4.519,4.508,3.246,3.01,5.149,9.58,7.815,7.658,7.343,6.904,7.802
01.12.2002,2.828,1.632,0.585,2.914,1.928,0.632,6.1,4.279,5.821,3.131,3.145,3.779,4.926,0.699,0.843,2.534,5.29,4.689,5.092,5.074,5.898,4.87,3.215,2.628,1.702,5.209,5.181,2.743,3.089,3.537,5.477,5.451,4.938,5.344,5.697,6.469,5.29,4.957,4.332,5.21,1.894,3.361,3.605,3.591,2.381,1.34,0.554,1.081,0.097,2.685,2.061,1.252,0.641,0.253,2.239,6.167,4.079,4.045,3.808,3.325,5.15
01.01.2003,1.416,0.653,-0.085,1.639,1.106,-0.023,2.595,2.307,2.836,1.096,1.29,2.036,1.997,0.429,0.482,1.316,3.353,2.045,3.277,3.245,3.508,2.066,0.959,0.667,0.475,2.171,2.875,1.685,1.919,1.69,2.341,2.283,2.4,2.8,3.306,3.338,3.149,2.93,2.237,2.539,0.551,2.408,1.914,1.736,0.967,0.682,0.204,0.211,-0.097,1.046,0.297,0.196,0.086,-0.089,-0.002,3.611,1.386,1.651,1.634,1.072,2.609
01.02.2003,0.819,-0.028,0.156,1.03,0.127,0.065,1.445,1.429,1.835,0.261,0.378,0.914,1.137,-0.083,-0.076,0.71,2.193,1.298,1.996,1.967,2.175,1.628,0.228,-0.085,-0.025,1.662,2.168,1.477,1.336,1.264,1.385,1.594,1.985,2.046,2.125,1.828,1.934,1.699,1.623,1.5,-0.056,1.3,0.881,0.858,0.177,-0.089,-0.06,-0.067,-0.076,0.234,-0.063,0.012,-0.088,0.082,-0.093,2.342,1.003,1.035,1.112,0.53,1.81
01.03.2003,1.214,0.364,0.119,1.811,1.334,0.195,1.964,1.198,2.176,0.577,1.109,1.236,2.082,0.144,0.205,1.83,2.117,1.971,1.925,2.048,2.171,2.419,1.298,0.21,0.017,2.316,2.284,2.341,2.089,2.093,1.954,2.024,2.301,2.171,2.203,2.065,1.879,1.453,1.741,1.463,0.297,0.92,0.912,0.944,0.505,0.367,0.124,0.096,0.293,0.634,0.043,0.467,0.022,0.08,0.326,2.284,2.328,2.521,2.427,2.341,1.841
01.04.2003,2.811,1.465,0.629,5.36,2.961,0.482,3.963,2.157,4.016,1.834,2.361,2.903,4.347,1.061,1.146,5.447,3.494,4.082,3.769,3.18,3.556,3.419,3.723,0.861,0.918,3.705,3.526,5.52,5.493,5.438,4.085,4.262,4.146,4.028,3.479,3.343,3.127,2.572,3.177,3.112,1.378,2.221,2.051,2.567,1.714,1.463,1.021,1.503,1.696,1.719,0.788,1.171,1.007,0.589,1.476,3.773,5.316,5.552,5.592,5.299,3.187
01.05.2003,6.609,5.896,2.058,10.394,6.998,1.888,8.641,5.995,8.391,5.49,6.181,6.075,9.416,4.366,4.161,10.642,7.387,8.503,8.061,6.724,7.545,8.196,8.573,2.728,2.826,8.087,7.396,9.949,9.971,10.59,8.759,8.655,9.092,8.588,7.662,7.186,6.235,6.105,6.94,7.368,4.91,5.921,5.689,5.845,5.522,4.766,4.669,5.312,6.353,4.697,3.043,3.556,3.599,2.104,4.911,8.015,10.928,10.92,10.677,10.698,7.105
01.06.2003,12.231,12.939,6.637,15.726,11.648,6.483,14.049,12.079,13.593,11.817,12.148,12.751,15.36,10.584,10.543,16.153,13.131,14.424,13.791,12.087,13.132,12.987,13.516,7.519,8.397,13.918,12.959,15.472,15.511,15.673,13.935,14.029,14.063,13.889,13.149,12.459,11.964,12.161,10.649,13.116,12.008,12.271,12.353,12.497,11.454,10.205,10.935,11.276,12.484,9.545,8.571,9.749,9.577,8.125,10.714,13.459,16.053,16.325,15.491,15.927,12.341
01.07.2003,17.686,19.457,15.642,18.916,18.208,16.021,17.071,17.94,16.753,17.608,17.719,17.768,19.431,18.834,17.36,19.21,17.403,18.928,17.719,17.101,17.143,17.755,18.341,17.144,16.776,18.139,16.719,18.815,18.728,18.64,17.222,17.303,17.528,17.147,17.081,17.025,17.25,17.932,17.343,18.231,19.178,18.066,17.657,17.797,17.789,17.57,19.029,15.924,19.214,16.584,16.236,16.239,16.573,16.378,16.629,17.172,18.854,18.864,18.719,18.302,17.052
01.08.2003,18.244,18.795,15.699,19.706,17.553,16.19,18.977,18.405,18.667,17.672,18.155,18.436,21.626,18.578,17.993,20.004,19.296,21.379,19.458,18.847,18.962,19.679,19.139,17.302,17.414,20.667,18.345,19.33,19.428,20.115,19.275,19.318,19.578,19.109,18.92,18.909,18.605,18.585,18.062,19.056,18.375,18.356,18.049,18.583,17.487,17.832,18.64,17.616,18.772,17.227,16.655,16.464,16.869,16.722,17.26,19.595,19.919,20.377,20.003,19.968,18.631
01.09.2003,14.374,15.18,11.469,16.018,13.924,10.821,15.441,14.841,15.586,14.55,14.84,14.593,17.499,13.604,13.675,16.087,16.625,17.53,16.949,15.362,15.791,16.318,15.06,13.404,12.62,16.866,15.442,15.74,15.804,16.187,15.461,15.556,15.942,15.98,15.707,16.008,15.002,14.711,14.313,16.485,14.902,14.977,14.84,14.914,14.349,13.888,13.323,14.089,14.042,14.034,10.624,12.541,12.21,10.528,13.749,16.266,16.656,16.699,16.397,15.307,15.156
01.10.2003,10.211,11.415,6.865,11.166,8.235,7.388,12.096,11.13,11.945,10.385,9.625,10.579,13.285,9.633,9.872,11.026,12.89,13.485,13.275,11.897,12.278,12.612,9.839,8.522,8.16,12.993,12.065,11.093,11.127,11.381,12.191,12.224,12.244,12.079,12.281,12.347,11.483,10.989,10.453,13.199,11.138,11.525,10.756,10.485,10.795,10.235,9.935,10.63,8.182,9.21,9.113,8.021,7.715,7.386,7.901,12.645,12.275,12.058,11.776,11.016,11.292
01.11.2003,6.891,7.488,4.188,7.806,6.325,4.421,8.865,7.739,8.772,7.2,7.054,7.541,9.147,6.042,6.184,7.571,9.237,8.575,9.164,8.215,8.728,7.984,7.081,5.754,5.574,8.463,8.861,7.947,8.087,7.937,8.844,9.018,8.078,8.395,8.816,8.607,8.002,7.761,8.073,9.66,7.587,7.865,7.453,7.05,7.307,6.631,6.128,6.377,4.895,6.415,6.174,4.821,4.626,3.932,5.327,8.989,8.078,8.14,8.031,7.614,7.797
01.12.2003,4.84,5.224,1.867,5.886,4.436,2.319,6.77,6.121,6.951,5.235,5.108,5.408,6.157,3.81,3.885,5.671,6.818,6.096,6.641,6.536,7.032,5.852,5.142,3.959,4.002,6.169,7.099,6.208,6.025,5.885,6.705,6.789,6.332,6.682,7.027,6.691,6.398,6.194,6.011,7.321,5.241,6.163,5.613,5.278,5.124,4.655,3.289,3.808,2.379,4.777,4.289,2.918,2.767,1.862,3.16,6.938,5.82,5.901,5.982,5.473,6.166
01.01.2004,2.142,1.138,0.083,2.473,1.337,0.073,3.477,3.169,4.059,2.635,2.423,2.528,3.12,0.412,0.881,2.136,3.606,2.753,3.219,4.279,4.344,2.699,1.894,1.843,1.269,3.413,4.72,2.904,2.876,2.737,3.463,3.739,2.709,3.238,4.786,4.173,3.955,3.576,3.612,4.126,1.427,2.708,2.614,2.642,2.573,1.45,0.099,1.007,-0.04,1.746,1.784,0.821,0.605,0.08,0.588,4.404,2.663,2.791,2.54,1.777,3.323
01.02.2004,1.6,0.548,0.261,1.995,0.901,0.247,2.638,2.316,2.964,1.855,1.592,2.017,2.093,0.313,0.303,1.587,2.992,2.071,2.944,3.089,3.348,2.146,1.197,0.688,0.345,2.42,3.496,2.159,2.167,2.498,2.617,2.745,2.595,2.872,3.402,3.006,2.937,2.654,2.387,2.068,0.65,2.245,2.076,1.934,1.747,0.276,0.188,0.48,0.073,0.702,0.552,0.286,0.07,0.213,0.142,3.226,2.543,2.711,2.677,1.974,2.489
01.03.2004,1.838,0.694,0.337,2.772,1.786,0.331,2.719,2.503,2.959,1.631,1.738,2.294,2.85,0.603,0.651,2.705,2.8,2.557,2.695,2.874,3.138,2.716,1.978,0.732,0.422,2.685,3.05,2.941,3.004,3.099,2.748,2.799,2.831,2.82,2.992,2.808,2.929,2.665,2.343,2.077,0.652,2.382,2.253,2.052,1.519,0.621,0.519,0.915,0.579,0.844,0.452,0.417,0.183,0.299,0.323,3.022,3.063,3.227,3.091,3.025,2.522
01.04.2004,3.983,4.246,0.946,6.683,4.033,0.879,5.212,4.253,5.12,3.476,3.723,4.069,5.658,2.337,2.458,6.884,5.359,5.626,5.714,4.356,4.712,4.608,5.343,1.753,1.554,5.435,4.789,6.765,6.656,6.938,5.35,5.238,5.778,5.304,4.711,4.452,4.229,4.193,4.218,4.62,3.261,4.189,3.956,3.885,3.375,2.563,2.32,2.857,3.38,2.346,1.64,1.379,1.574,0.896,1.466,5.122,6.599,7.096,6.91,6.798,4.372
01.05.2004,7.777,8.42,2.838,11.438,8.529,2.945,9.137,7.769,9.073,7.389,7.591,8.098,8.957,7.525,6.842,11.682,8.887,9.007,8.758,8.135,8.235,7.604,10.198,4.204,4.257,8.534,8.189,11.472,11.244,11.347,9.196,9.301,8.84,9.016,8.258,7.907,7.573,7.809,7.758,8.561,9.087,7.94,7.977,7.93,7.437,6.92,7.432,6.727,8.966,5.604,4.481,4.43,4.731,2.585,4.578,7.851,10.765,11.167,11.15,11.544,7.879
01.06.2004,12.11,12.916,6.972,14.5,11.893,7.307,12.821,12.252,12.423,11.37,11.977,12.406,14.457,12.062,11.783,14.785,13.105,14.378,13.427,12.461,12.6,13.03,13.26,8.889,9.597,13.858,12.341,14.329,14.456,14.481,12.854,13.133,13.175,12.862,12.534,12.699,12.349,12.409,10.736,13.154,12.83,12.445,12.123,12.31,11.424,11.37,11.865,12.167,12.841,9.45,9.455,9.275,9.807,7.815,10.068,12.756,14.885,15.034,14.552,14.372,12.441
01.07.2004,15.715,17.018,13.429,16.553,15.391,13.286,15.25,15.486,15.016,15.728,15.768,15.412,17.508,16.588,16.359,17.04,16.059,17.573,16.417,15.137,15.536,16.468,15.031,15.147,14.768,17.19,14.687,16.491,16.509,16.388,15.352,15.414,15.704,15.409,15.422,15.508,15.169,15.295,13.083,16.263,16.755,15.7,15.728,15.726,15.597,15.814,16.687,16.548,16.887,15.007,15.083,14.932,14.673,13.768,15.173,15.865,16.984,16.859,16.509,16.593,14.93
01.08.2004,18.149,19.229,15.242,19.611,18.243,15.59,19.19,18.472,19.217,18.059,18.101,18.66,19.582,18.277,17.817,19.891,19.331,19.742,19.427,19.166,19.007,18.192,19.807,17.14,16.561,19.061,18.621,19.07,19.19,18.993,18.856,19.093,19.149,19.244,18.925,19.116,18.858,18.715,18.287,19.553,19.19,18.623,18.34,18.279,18.13,17.985,18.361,17.347,18.745,17.232,16.947,16.478,16.501,15.07,17.132,19.249,18.46,19.07,18.838,19.225,19.058
01.09.2004,14.554,15.684,11.703,16.009,12.539,11.931,15.898,14.806,15.265,14.728,13.522,14.507,17.11,14.134,14.601,16.218,16.429,16.792,16.671,15.893,16.014,16.832,14.328,13.249,12.812,16.808,15.61,15.657,15.793,15.963,15.891,15.977,16.032,15.692,15.99,16.269,15.477,14.892,12.662,16.549,15.57,15.044,14.465,14.397,14.818,14.721,14.496,15.663,14.197,13.601,13.323,12.597,12.884,11.415,13.247,16.504,16.646,16.579,16.142,16.184,15.146
01.10.2004,10.835,11.769,8.056,11.72,9.5,8.4,12.252,11.239,11.85,11.282,10.544,10.536,13.273,10.605,10.968,11.628,13.307,12.786,13.349,12.4,12.519,12.314,10.145,9.795,9.238,12.538,11.771,11.667,11.809,11.996,12.404,12.166,12.292,12.143,12.274,12.648,11.63,11.34,10.207,13.281,11.693,11.66,10.883,10.498,11.699,11.644,10.653,11.581,9.564,10.268,10.295,8.879,9.788,8.22,8.94,12.668,12.501,12.364,12.094,11.665,11.515
01.11.2004,7.44,8.363,4.817,8.331,6.514,4.9,9.624,8.768,9.291,8.355,7.727,7.461,9.02,7.101,7.48,7.959,9.896,9.142,9.79,9.398,9.229,8.99,6.84,6.551,6.815,9.169,8.786,8.15,8.309,8.528,9.652,9.492,9.053,9.202,9.191,9.075,8.951,8.754,7.314,10.378,8.099,8.956,8.088,7.613,8.261,7.849,6.612,7.373,5.421,7.469,7.374,5.918,5.846,5.418,5.61,9.733,8.853,8.808,8.72,7.907,8.09
01.12.2004,4.74,5.098,2.208,5.899,4.238,2.24,6.468,6.21,6.567,5.585,5.324,4.991,5.426,3.64,4.66,5.546,6.563,5.561,6.322,6.363,6.732,5.204,3.893,3.856,4.524,5.493,6.254,6.211,6.078,5.651,6.523,6.547,6.176,6.484,6.539,5.783,5.955,5.856,5.211,6.949,4.796,6.321,5.679,4.968,5.501,5.388,2.793,4.688,2.723,4.772,4.487,3.629,2.915,2.393,2.974,6.936,5.472,5.464,5.581,4.901,5.248
01.01.2005,3.477,2.826,0.59,4.356,3.241,0.621,4.597,4.696,4.942,4.228,4.57,4.346,4.018,2.415,3.254,4.079,4.904,4.058,4.782,4.936,5.003,4.019,3.012,2.449,2.648,4.187,5.02,4.641,4.658,4.519,4.656,4.708,4.77,4.815,5.002,4.832,4.44,4.65,4.344,5.123,2.817,4.592,4.521,4.627,4.245,3.551,1.156,2.876,1.478,3.079,2.779,2.086,1.82,0.423,1.627,5.168,4.167,4.251,4.328,3.913,4.379
01.02.2005,1.897,0.623,0.294,2.014,1.483,0.255,3.085,3.07,3.159,2.718,2.437,2.704,2.842,0.456,0.624,1.833,3.318,2.56,3.2,3.463,3.459,2.737,1.131,1.139,1.05,2.878,3.262,2.185,2.202,2.217,2.964,3.082,2.889,3.033,3.477,3.467,3.307,3.112,2.714,3.267,0.856,2.883,2.977,3.059,2.631,1.172,0.176,0.869,0.357,1.093,1.103,0.675,0.608,0.109,0.518,3.348,2.371,2.276,2.17,1.836,2.948
01.03.2005,1.229,0.226,0.156,1.843,0.443,0.163,2.31,1.446,2.021,1.246,1.287,1.576,1.951,0.199,0.192,1.624,2.284,2.324,2.343,2.246,2.493,1.978,0.657,0.235,0.173,2.17,1.962,1.916,2.05,2.023,2.336,2.104,2.228,2.248,2.283,2.435,2.163,1.791,1.56,1.874,0.214,1.156,1.447,2.009,1.022,0.139,0.19,0.295,0.189,0.196,0.157,0.135,0.131,0.105,0.119,2.414,2.127,2.214,1.954,1.719,2.142
01.04.2005,3.606,2.276,0.771,6.576,3.654,0.801,4.509,3.874,4.358,3.46,3.413,3.721,5.495,2.297,2.324,6.55,4.399,5.185,4.862,4.078,3.869,4.004,4.387,1.467,1.538,4.714,3.947,6.416,6.486,6.543,4.718,4.776,4.46,4.604,3.868,3.989,3.815,4.051,3.683,4.057,2.274,3.627,3.624,3.727,3.198,2.63,1.977,2.418,3.042,2.046,1.33,1.679,1.84,0.379,1.424,4.081,5.922,6.157,6.305,6.298,3.816
01.05.2005,7.481,7.823,2.342,11.305,7.75,2.553,9.137,7.609,8.766,7.059,7.498,8.029,10.195,6.85,6.705,11.492,8.614,9.058,9.192,7.81,7.742,7.745,9.423,3.431,3.776,8.284,7.875,10.739,10.86,11.249,9.302,9.32,8.788,8.642,7.871,7.827,7.614,7.726,7.343,8.819,7.401,7.425,7.319,8.058,6.938,6.932,6.607,6.995,7.984,5.081,3.714,4.416,4.683,2.2,4.53,8.265,10.826,10.798,10.794,10.948,7.785
01.06.2005,12.281,14.336,7.244,14.656,12.404,7.686,12.472,12.365,12.323,11.509,12.144,12.769,14.499,13.102,12.966,14.997,13.056,13.241,13.406,12.044,12.351,13.351,13.556,8.638,9.234,13.275,12.185,14.429,14.411,14.391,12.55,12.84,12.912,12.649,12.244,12.196,12.495,12.381,11.146,13.312,14.284,12.262,12.034,12.837,11.766,12.267,12.897,12.781,13.231,9.401,9.484,9.896,10.077,8.245,9.655,12.663,14.51,14.848,14.541,14.737,12.22
01.07.2005,17.675,19.608,14.477,18.652,17.275,14.743,17.445,17.817,17.329,18.079,17.707,18.1,18.722,18.583,18.151,19.02,18.457,18.766,18.703,17.916,17.553,17.223,18.64,16.517,16.155,18.548,17.394,18.588,18.429,18.485,17.377,17.637,17.953,17.715,17.526,17.707,17.936,17.886,16.824,18.312,19.593,17.842,17.843,17.796,17.862,17.846,18.271,18.016,18.995,16.051,16.344,16.003,15.69,15.671,16.082,17.645,18.397,18.811,18.648,18.782,17.85
01.08.2005,16.845,18.075,14.345,17.548,16.655,14.783,16.104,17.311,16.263,17.31,16.938,17.343,19.354,17.151,16.92,17.926,17.672,19.389,18.125,16.92,17.067,18.023,17.657,15.657,15.471,18.913,16.075,17.437,17.399,17.238,16.246,16.547,17.247,16.766,16.766,17.104,16.82,17.24,16.095,17.719,17.858,17.277,17.182,17.305,17.298,17.25,17.319,17.126,17.968,16.26,15.411,14.958,15.003,15.075,15.87,17.483,17.592,17.612,17.419,17.178,16.768
01.09.2005,14.738,16.104,11.259,16.219,12.069,10.76,16.075,15.538,16.28,15.072,13.022,15.541,17.679,14.528,14.891,16.226,17.227,17.047,17.407,16.182,16.487,16.317,14.916,12.962,12.024,16.268,16.044,15.72,15.833,16.277,15.993,16.249,16.743,16.811,16.406,16.385,15.917,15.723,13.422,17.004,16,15.813,15.285,15.225,15.139,14.992,14.931,15.678,14.278,13.481,13.132,11.751,12.756,11.82,11.701,16.823,16.473,16.903,16.666,16.019,15.747
01.10.2005,11.806,13.022,8.765,13.233,9.59,7.439,13.922,12.738,13.829,12.28,10.758,11.911,13.94,11.958,11.987,13.085,14.394,13.477,14.227,14.109,14.072,12.855,11.558,10.277,8.919,13.135,13.904,13.117,13.27,13.366,13.788,13.745,13.442,13.909,14.032,14.199,13.567,13.273,11.628,14.293,13.006,13.147,12.64,12.21,12.44,12.669,12.032,12.38,10.489,10.585,10.383,9.227,9.959,9.651,7.411,14.219,13.76,13.991,13.815,13.164,13.624
01.11.2005,8.144,8.603,6.394,9.462,6.79,6.04,10.276,8.697,10.206,8.585,7.79,7.943,9.608,8.28,8.423,9.287,10.002,8.891,9.746,10.015,10.031,9.013,8.096,6.991,6.853,8.806,10.059,9.448,9.647,9.499,10.379,10.414,9.238,9.764,9.946,9.947,9.245,9.04,8.259,10.284,8.124,9.072,8.299,7.93,8.775,8.903,7.521,8.179,6.776,7.316,7.368,6.615,6.946,6.492,5.069,10.302,10.137,10.079,9.763,9.005,9.697
01.12.2005,4.734,4.265,3.543,5.156,3.473,3.695,6.538,5.471,6.633,5.664,5.11,4.406,5.916,3.803,4.333,4.872,6.789,5.782,6.578,6.673,6.934,5.636,3.493,4.83,4.945,5.933,6.618,5.414,5.459,5.331,6.437,6.717,5.725,6.133,7.057,6.767,6.453,6.356,4.869,6.962,4.193,5.565,5.144,5.125,5.779,4.976,3.124,4.913,2.695,4.453,4.601,4.266,4.007,3.59,3.232,7.118,5.361,5.408,5.234,4.682,5.554
01.01.2006,2.39,1.615,1.25,1.947,1.704,1.312,3.576,3.661,3.749,3.595,2.733,2.461,2.515,1.54,1.823,1.754,3.536,2.531,2.893,4.362,4.026,3.291,1.139,2.643,2.522,3.432,3.339,2.328,2.322,2.058,3.388,3.584,2.441,3.198,3.902,3.736,4.172,4.171,2.409,4.087,1.666,3.654,3.232,2.81,3.305,2.163,0.747,2.366,1.098,1.78,2.341,1.758,1.787,0.761,1.466,4.39,2.338,2.287,2.086,1.579,2.936
01.02.2006,1.093,0.043,0.138,1.313,0.399,0.141,1.88,2.067,1.792,1.436,1.324,1.881,0.983,0.128,0.174,0.961,2.285,0.966,2.095,2.719,2.413,1.153,0.303,0.855,0.443,1.452,1.781,1.684,1.496,1.427,1.782,1.7,1.706,1.743,2.369,2.516,2.486,2.46,1.413,1.616,0.012,1.626,1.464,1.514,1.118,0.112,0.115,0.678,0.005,0.545,0.362,0.479,0.056,0.096,0.235,2.211,1.154,1.274,1.486,0.84,1.842
01.03.2006,0.78,0.061,0.052,1,0.133,0.047,1.29,1.364,1.338,0.646,0.468,1.087,1.088,0.147,0.351,0.599,1.57,1.056,1.669,1.984,1.712,0.885,0.375,0.063,-0.104,1.526,1.231,1.037,1.066,1.292,1.216,1.268,1.255,1.335,1.483,1.932,1.866,1.779,0.777,0.903,0.005,1.141,1.086,1.142,0.376,0.078,0.098,0.846,-0.046,0.044,-0.055,-0.007,-0.075,0.046,0.033,1.541,1.218,1.366,1.186,0.607,1.807
01.04.2006,2.943,2.211,0.351,5.159,2.813,0.429,3.414,3.385,3.504,2.606,2.772,3.269,4.684,1.945,1.986,5.285,3.734,4.101,4.024,3.657,3.639,4.053,4.028,1.101,0.866,3.943,3.254,5.366,5.327,5.342,3.376,3.632,3.934,3.801,3.623,3.628,3.507,3.388,3.334,2.949,1.448,3.461,3.121,3.117,2.346,1.761,1.534,2.108,2.145,1.402,1.009,0.834,0.635,0.488,1.034,3.661,5.109,5.361,5.433,4.987,3.84
01.05.2006,7.28,8.588,2.457,10.518,7.491,2.589,7.912,7.364,8.304,6.604,6.64,7.315,9.175,7.074,6.781,10.9,8.466,9.039,9.079,7.12,7.427,8.079,8.873,4.143,4.154,8.514,7.17,10.609,10.694,10.261,7.982,8.282,8.263,8.226,7.306,7.205,7.09,7.451,6.798,7.629,7.265,7.527,6.903,7.063,6.234,6.397,6.686,6.695,8.01,5.005,4.208,5.253,5.314,2.335,4.411,7.679,9.662,10.203,9.864,9.772,7.438
01.06.2006,12.863,14.751,6.673,15.703,12.575,6.679,14.373,12.757,14.513,12.114,12.576,12.871,15.409,12.729,12.671,16.178,14.575,15.369,15.015,13.688,13.952,13.872,14.408,9.917,10.596,14.473,13.885,15.386,15.338,15.465,14.423,14.651,14.788,14.606,14.248,14.008,13.419,13.021,12.195,14.711,14.308,12.758,12.032,12.743,12.156,12.074,12.687,13.344,13.635,10.178,9.641,9.917,10.829,7.715,10.896,14.491,15.564,15.737,15.171,15.426,13.377
01.07.2006,18.338,19.714,12.733,20.565,17.043,13.18,20.574,19.291,20.706,18.162,18.864,19.246,20.772,17.984,18.517,20.606,20.402,20.446,20.472,20.504,20.634,18.494,19.345,15.697,15.891,20.074,20.37,19.965,20.049,20.177,20.439,20.57,20.899,20.801,20.621,20.791,19.945,19.708,17.845,20.284,19.741,19.194,18.643,19.167,18.156,17.633,17.779,18.589,18.795,15.359,16.127,14.204,15.841,13.983,15.491,20.829,20.385,20.749,19.954,20.202,20.346
01.08.2006,19.094,19.209,17.227,20.408,20.28,17.792,19.985,19.664,19.84,19.355,20.024,20.21,19.008,18.77,17.853,20.757,19.399,19.5,19.436,19.948,19.459,18.531,19.925,18.678,18.876,18.977,19.66,20.002,20.063,20.36,19.97,19.92,20.11,19.966,19.398,19.587,19.635,19.615,19.23,19.521,19.301,18.907,19.708,20.034,18.54,17.65,19.208,14.078,19.315,18.33,18.946,18.176,18.336,17.285,17.848,19.963,20.794,20.907,20.616,20.764,19.839
01.09.2006,15.867,16.295,13.738,16.887,15.555,13.262,16.28,16.462,16.422,15.747,16.907,16.996,18.26,14.462,14.897,17.055,17.391,18.503,17.521,16.866,16.725,16.766,17.145,14.995,14.186,17.83,16.392,16.768,16.804,16.82,16.176,16.704,16.794,16.793,16.662,16.875,16.957,16.773,16.486,17.277,15.929,16.331,16.33,16.91,15.747,15.462,14.564,15.361,15.779,15.162,14.78,14.547,14.288,13.491,14.922,16.855,17.414,17.415,17.091,16.245,16.609
01.10.2006,12.677,13.621,8.673,14.233,12.316,9.266,14.38,13.679,13.91,12.837,13.046,13.663,14.943,11.626,12.022,14.049,14.66,14.437,14.763,14.405,14.376,14.535,12.948,11.169,10.232,14.491,13.992,13.947,14.03,14.263,14.273,14.262,13.916,14.221,14.389,14.438,13.769,13.809,12.256,14.973,13.571,13.839,13.28,13.85,12.923,12.578,11.645,12.967,10.787,11.871,11.504,9.765,9.806,8.982,11.096,14.681,14.818,14.883,14.614,14.13,14.161
01.11.2006,7.768,8.882,4.513,9.927,6.921,5.089,9.875,8.887,9.337,7.839,7.733,8.374,9.786,6.35,7.014,9.906,10.062,9.982,10.229,9.599,9.986,9.486,7.633,6.145,5.495,9.806,9.035,10.322,10.237,9.888,9.998,9.848,9.679,9.585,9.87,9.715,9.055,8.995,8.468,10.614,8.66,9.371,8.121,8.159,8.23,7.484,6.013,7.563,4.966,7.365,6.473,5.05,4.805,4.056,6.077,9.889,10.004,9.949,9.809,9.36,8.885
01.12.2006,6.166,6.504,2.69,7.717,5.67,3.346,7.613,6.82,7.634,6.591,6.438,6.792,7.472,5.481,5.819,7.545,8.048,7.54,8.08,7.59,7.821,7.246,6.55,4.634,4.386,7.539,7.882,7.888,7.834,7.778,7.633,7.607,7.514,7.565,7.797,7.862,7.307,7.041,6.942,8.256,6.373,7.126,6.451,6.732,6.495,6.327,4.631,5.842,4.311,5.448,5.128,3.758,4.262,3.061,4.637,7.847,7.37,7.406,7.467,7.232,7.655
01.01.2007,4.399,4.441,0.924,5.968,3.69,1.365,5.978,5.387,6.302,5.339,4.978,5.203,5.495,2.83,3.614,5.552,6.361,5.566,6.263,6.311,6.336,5.491,4.67,3.451,3.538,5.535,6.425,5.903,5.959,5.936,6.013,6.195,5.967,6.258,6.343,6.247,5.737,5.545,5.383,6.269,4.293,5.481,5.155,5.104,5.29,4.019,2.071,3.665,1.873,4.027,3.598,2.905,2.56,1.096,2.733,6.307,5.646,5.665,5.737,5.408,5.563
01.02.2007,2.025,0.793,0.002,3.117,0.94,0.024,3.905,3.56,4.389,2.576,2.028,2.363,3.287,0.006,0.269,2.748,3.699,3.179,3.553,4.085,4.35,4.317,1.838,0.995,0.483,3.868,3.557,3.203,3.135,3.268,3.88,4.175,3.701,3.758,4.132,4.169,3.643,3.552,2.866,3.375,0.895,2.603,2.633,2.472,2.356,0.693,0.048,0.669,0.026,0.798,0.626,0.324,-0.041,0.034,0.29,4.536,3.604,3.593,3.408,3.044,3.409
01.03.2007,2.625,1.67,0.317,4.2,2.23,0.311,4.15,3.609,3.973,2.508,2.475,3.019,4.042,0.944,1.215,4.2,3.741,4.142,3.71,3.953,3.882,3.773,3.288,0.896,0.708,4.024,3.691,4.412,4.415,4.515,4.134,4.112,4.057,3.893,3.726,4.066,3.836,3.652,3.274,3.156,1.299,3.291,3.043,2.767,2.426,1.362,0.58,1.732,1.15,1.055,0.901,0.573,0.53,0.252,0.636,4.339,4.833,4.959,4.609,4.438,3.75
01.04.2007,4.649,3.642,0.957,7.847,4.624,1.014,6.324,4.794,6.352,4.046,4.346,4.942,6.887,2.719,2.916,7.795,5.958,6.208,6.086,5.491,5.962,6.268,6.104,2.171,1.852,6.123,5.715,7.454,7.657,7.929,6.493,6.255,6.622,6.5,5.865,5.829,5.31,5.177,5.017,5.721,3.37,4.729,4.526,4.434,3.787,3.182,2.298,3.312,3.344,2.684,1.958,1.851,1.891,0.508,2.011,6.178,8.132,8.399,8.027,7.688,5.581
01.05.2007,8.159,9.445,2.637,11.998,8.392,2.87,10.087,8.151,9.965,7.111,7.642,8.67,11.101,6.252,6.61,12.122,9.887,10.549,10.382,8.978,9.28,10.214,10.474,4.208,4.228,10.199,9.337,11.262,11.316,12.102,10.23,10.041,10.727,10.231,9.337,9.232,8.644,8.68,8.696,9.328,8.626,7.921,7.597,7.63,7.096,6.762,6.187,7.312,8.398,5.579,4.103,4.547,4.538,2.122,5.163,9.903,12.255,12.622,12.267,12.278,9.104
01.06.2007,13.93,16.017,9.203,17.141,13.994,8.67,14.943,14.218,15.149,12.431,12.853,14.395,16.021,13.122,12.164,17.083,16.737,16.246,16.802,15.411,14.554,14.606,15.816,10.648,10.527,15.752,14.501,16.341,16.735,16.862,14.917,15.076,15.353,15.134,14.464,14.855,15.065,15.118,13.876,16.653,16.101,14.722,13.689,13.267,12.669,12.465,13.204,11.295,15.124,11.592,11.351,10.476,10.856,9.826,10.521,15.148,15.633,16.438,16.816,16.594,14.962
01.07.2007,15.944,17.327,14.441,16.883,15.607,14.111,16.252,15.452,15.721,15.869,15.683,15.98,17.392,16.481,15.655,17.087,15.736,17.785,16.161,14.738,15.373,16.781,16.688,14.996,14.607,17.391,15.413,16.423,16.449,17.287,16.461,16.224,16.172,15.915,15.32,15.096,14.859,15.411,14.646,16.274,17.097,15.525,15.662,15.91,16.04,16.002,16.493,16.037,17.705,15.138,15.027,15.237,14.843,14.583,15.23,15.671,17.582,17.561,17.375,17.623,14.989
01.08.2007,17.382,19.258,14.802,18.446,16.535,14.211,17.583,17.547,17.474,17.82,16.994,17.635,19.564,17.92,17.563,18.819,18.366,19.502,18.615,17.618,17.423,17.983,17.697,15.98,15.278,18.903,17.201,17.924,17.889,18.173,17.47,17.657,18.087,17.865,17.38,17.66,17.32,17.592,16.253,18.669,19.02,17.703,17.77,17.401,18.01,17.891,18.256,17.913,18.503,16.457,16.112,15.385,15.767,15.192,15.84,17.936,18.508,18.632,18.282,18.374,17.246
01.09.2007,13.857,15.215,10.729,14.881,12.385,10.975,14.487,14.508,14.11,14.186,13.448,13.647,16.77,14.386,14.419,15.085,15.933,17.175,16.2,15.046,14.624,15.773,13.778,12.18,11.783,16.561,13.829,14.65,14.726,15.06,14.611,14.574,14.986,14.611,14.44,15.077,14.636,14.504,13.328,16.263,15.279,14.62,14.353,13.698,14.385,14.473,14.668,14.751,13.49,12.923,12.874,11.563,12.431,11.497,12.066,15.055,15.633,15.506,15.073,15.036,14.108
01.10.2007,11.01,12.31,8.322,12.037,9.862,8.165,12.336,11.763,12.323,11.348,10.865,10.385,13.366,11.116,11.313,11.835,13.697,13.433,13.661,12.679,12.687,12.685,10.768,9.169,8.885,13.187,12.048,11.877,11.949,12.202,12.575,12.345,12.573,12.427,12.502,13.094,12.387,12.002,10.922,13.976,12.144,12.25,11.272,10.858,11.605,11.605,11.122,11.362,9.925,9.955,9.947,8.548,9.332,8.589,9.378,12.922,12.849,12.849,12.662,11.854,11.515
01.11.2007,7.384,8.573,5.809,7.909,6.244,5.431,9.494,8.751,9.299,8.046,7.574,7.387,8.875,6.596,7.135,7.766,9.97,9.191,9.814,9.432,9.601,8.468,6.731,6.205,6.292,9.186,9.167,7.951,7.877,8.107,9.467,9.383,8.881,9.063,9.527,9.584,9.043,8.95,7.789,10.334,8.361,8.931,8.142,7.661,7.985,7.458,6.356,7.483,5.621,7.452,7.118,5.944,6.534,6.016,6.156,9.798,8.488,8.267,8.082,7.694,8.17
01.12.2007,5.084,5.358,3.44,5.763,4.431,3.45,6.549,6.33,6.745,5.881,5.32,5.335,5.976,3.879,4.531,5.388,6.773,5.975,6.63,6.957,6.901,5.418,4.426,4.517,4.578,6.197,6.881,5.869,5.936,5.637,6.592,6.608,6.467,6.446,6.693,6.676,6.319,6.3,5.676,7.559,5.34,6.628,5.866,5.175,6.014,5.177,3.316,5.05,3.503,5.006,4.64,4.147,4.303,3.36,3.477,7.1,5.425,5.42,5.491,5.306,5.702
01.01.2008,3.603,2.634,1.582,4.401,3.597,1.438,4.388,4.616,4.596,4.39,4.782,4.946,4.389,1.981,2.914,4.189,4.796,4.104,4.762,4.991,4.965,4.036,3.595,3.257,3.214,4.644,5.4,4.767,4.638,4.285,4.341,4.757,3.874,4.047,5.268,4.871,4.654,4.523,4.624,4.878,2.662,4.644,4.392,4.591,4.345,3.621,1.214,2.982,1.727,3.757,3.224,2.824,2.768,0.51,2.211,5.173,3.773,3.966,3.947,3.788,4.544
01.02.2008,2.901,1.584,0.369,3.915,3.11,0.445,3.679,3.781,4.207,3.206,3.796,4.304,3.679,0.886,1.878,3.707,3.99,3.659,4.019,4.186,4.264,3.589,3.236,2.101,2.047,3.662,4.513,4.361,4.122,3.91,3.741,3.895,4.119,4.022,4.295,4.116,4.087,4.134,3.913,3.996,1.705,3.661,3.708,4.294,2.98,2.449,0.424,1.833,0.844,2.421,2.047,1.712,0.827,0.063,1.233,4.365,3.787,3.89,3.898,3.565,3.869
01.03.2008,2.836,1.739,0.169,4.189,3.046,0.194,4.211,3.695,4.335,2.924,3.394,3.931,4.135,0.679,1.184,4.074,4.147,4.045,4.181,4.112,4.228,4.239,3.827,1.691,1.395,4.155,4.281,4.236,4.323,4.454,4.136,4.244,4.342,4.345,4.163,4.163,3.975,3.95,4.134,3.936,1.784,3.737,3.453,3.794,2.816,1.656,0.29,1.427,0.967,1.986,1.286,1.172,0.434,0.176,1.163,4.293,4.515,4.62,4.494,4.21,3.973
01.04.2008,4.481,4.662,0.622,7.363,4.637,0.803,5.829,4.888,5.733,4.346,4.526,4.998,6.083,2.82,3.007,7.256,5.886,6.194,6.051,5.067,5.284,5.558,5.848,2.561,2.173,5.715,5.323,7.029,7.163,7.102,5.912,5.761,5.746,5.798,5.209,5.179,5.08,4.988,5.05,5.852,4.09,4.873,4.745,4.946,4.119,3.451,2.424,3.662,4.201,2.986,2.392,1.982,1.91,0.587,2.129,5.499,6.549,7.226,6.851,7.095,5.08
01.05.2008,9.137,9.904,2.685,13.409,9.338,2.919,11.272,9.16,10.908,8.476,8.545,9.881,10.939,7.908,7.66,13.333,11.001,11.294,11.069,10.208,10.377,9.229,11.283,5.667,5.184,10.923,10.12,13.143,13.216,13.216,11.519,11.726,10.974,10.887,10.405,10.146,9.988,9.688,9.974,10.53,9.487,9.279,8.894,8.943,8.352,8.141,7.954,7.615,9.696,6.717,5.669,5.162,5.934,2.903,5.501,10.471,12.809,13.447,13.198,13.188,10.013
01.06.2008,13.412,14.38,8.538,15.805,12.053,8.804,15.037,13.897,14.309,13.424,13.277,14.342,15.106,12.35,11.913,15.734,14.318,15.381,14.579,14.36,14.421,13.672,14.243,11.361,11.267,15.068,14.325,15.637,15.567,15.843,14.913,15.006,13.475,14.306,14.219,14.47,14.172,13.935,12.787,14.185,14.24,13.687,14.207,14.056,13.413,12.428,12.202,12.837,14.384,11.187,11.478,11.011,11.253,9.09,12.187,13.847,15.204,15.501,15.387,15.706,14.272
01.07.2008,16.994,18.168,14.115,18.542,16.185,13.867,17.72,17.671,17.528,17.237,16.974,17.545,18.45,17.213,17.071,18.751,17.818,18.508,18.083,17.439,17.468,17.954,16.662,15.9,14.733,18.325,17.385,18.137,18.316,17.941,17.725,17.835,17.757,17.65,17.576,17.566,17.27,17.5,15.288,17.962,18.172,17.683,17.7,17.49,17.239,17.063,17.13,16.972,17.998,15.945,15.578,15.392,14.926,14.429,16.489,17.695,18.16,18.235,17.726,18.191,17.27
01.08.2008,16.912,18.197,14.374,18.288,17.185,14.475,18.002,17.301,17.391,16.48,16.813,17.066,19.01,16.583,16.231,18.564,17.875,18.953,18.089,17.671,17.749,17.955,17.412,15.764,14.887,18.545,16.421,17.953,18.054,18.15,17.935,17.752,17.858,17.886,17.337,17.801,17.201,17.158,15.687,18.24,18.271,17.481,16.813,17.223,16.401,16.878,16.952,15.734,17.206,16.334,15.594,15.261,14.999,14.285,16.354,18.144,18.678,18.51,18.354,18.632,17.143
01.09.2008,14.165,14.693,11.351,15.674,13.608,11.52,16.174,14.435,15.971,13.669,13.912,14.349,15.96,13.396,13.332,15.686,15.966,16.324,16.308,15.956,15.922,15.316,14.679,12.83,12.26,16.261,15.329,15.373,15.426,16.041,16.285,16.04,16.121,16.057,15.638,15.941,15.157,14.758,14.203,16.056,14.657,14.632,14.046,13.943,13.656,14.115,13.497,13.036,13.115,13.434,12.669,12.824,12.117,11.125,13.582,16.496,16.366,16.308,16.296,15.995,15.079
01.10.2008,10.941,11.765,7.59,12.264,9.492,7.93,13.018,11.529,12.84,11.194,10.46,11.148,12.362,10.935,10.926,12.216,12.657,12.28,12.758,12.487,12.482,12.254,11.245,9.355,8.88,12.433,12.316,12.352,12.34,12.237,13.084,12.916,12.723,12.609,12.57,12.479,12.01,11.607,11.385,12.912,11.79,11.683,11.203,11.404,11.208,11.188,10.64,10.843,10.115,10.719,9.96,8.699,8.681,7.822,9.538,12.93,12.495,12.595,12.52,12.242,11.947
01.11.2008,7.695,8.67,5.161,8.471,5.625,4.876,9.742,8.656,9.628,8.759,7.579,7.912,9.422,7.996,8.194,8.276,10.121,9.171,9.926,9.761,10.002,9.002,7.275,6.187,6.467,9.212,9.881,8.444,8.519,8.52,9.756,9.601,9.332,9.506,9.933,9.813,9.243,8.806,8.165,10.109,8.379,8.987,8.365,7.92,8.847,8.335,7.325,8.141,5.881,7.577,7.287,5.992,6.472,5.593,5.167,10.067,8.858,8.808,8.576,8.182,9.326
01.12.2008,5.036,5.244,3.342,5.234,4.171,3.157,6.736,6.134,6.961,6.806,5.84,5.29,6.375,4.53,4.729,4.887,6.962,6.171,6.762,7.12,7.218,5.812,4.363,4.278,4.739,6.357,6.686,5.126,5.287,5.089,6.513,6.79,6.273,6.342,7.073,7.172,6.781,6.147,5.491,7.318,5.169,6.457,6.026,5.633,6.61,5.541,4.122,5.13,3.727,4.832,4.654,4.341,4.377,2.929,2.811,7.174,5.311,5.115,5.109,5.126,5.922
01.01.2009,2.32,1.682,0.657,2.243,1.738,0.775,3.248,3.653,3.562,2.972,3.023,2.974,2.778,1.769,2.013,1.854,4.466,3.082,3.902,4.626,4.272,2.617,1.143,2.403,2.042,3.145,4.164,2.592,2.329,1.979,3.403,3.594,2.603,3.192,4.388,4.153,4.144,3.85,2.695,3.975,1.689,3.449,3.487,2.697,3.015,2.807,1.402,1.704,0.383,2.01,1.858,1.973,1.406,0.558,0.902,4.552,1.897,1.758,1.792,1.631,2.761
01.02.2009,0.969,0.149,0.15,0.549,0.388,0.157,1.294,1.937,1.491,1.615,1.153,1.353,1.964,0.175,0.271,0.415,2.071,1.702,2.077,2.651,2.393,2.033,0.475,0.374,0.472,2.031,2.121,0.558,0.563,0.599,1.14,1.161,1.229,1.412,2.581,2.261,2.466,2.164,1.405,1.919,0.261,1.707,1.778,2.089,1.522,0.473,0.2,0.593,0.127,0.187,0.5,0.129,-0.036,0.203,0.029,2.317,0.684,0.538,0.479,0.559,1.567
01.03.2009,1.469,0.595,0.277,2.247,0.682,0.221,1.796,2.238,1.835,1.736,1.498,2.034,2.237,0.356,0.408,2.134,2.324,1.948,2.181,2.47,2.218,2.012,1.202,0.48,0.339,1.979,1.918,2.469,2.469,2.546,1.756,1.711,1.92,1.931,2.129,2.271,2.386,2.491,1.651,1.962,0.544,1.837,2.204,1.914,1.676,0.707,0.346,0.892,0.461,0.512,0.347,0.385,0.218,0.242,0.365,2.146,2.257,2.505,2.508,2.465,2.132
01.04.2009,4.345,3.777,0.509,7.904,4.207,0.552,5.464,4.836,5.624,4.117,4.102,4.597,6.56,2.226,2.639,7.838,6.171,7.11,6.052,5.093,5.387,4.932,5.554,1.887,1.528,6.361,5.195,7.66,7.821,7.725,5.613,5.84,5.766,5.606,5.32,5.308,4.921,4.989,4.743,5.727,3.226,4.651,4.453,4.48,3.808,3.156,2.029,3.264,3.189,2.579,1.468,1.641,1.471,0.374,2.03,5.277,6.967,7.677,7.516,7.252,4.913
01.05.2009,8.475,9.452,2.816,12.386,8.589,2.82,10.128,8.172,9.724,7.844,8.362,8.735,10.346,7.369,7.703,12.554,9.243,9.712,9.632,8.391,8.932,8.831,10.32,5.029,5.072,9.362,9.022,11.865,11.975,12.384,10.057,10.364,10.233,10,8.862,8.799,8.18,8.23,8.472,9.572,8.375,8.066,7.941,8.519,7.645,7.753,7.195,8.172,8.89,6.372,4.571,5.61,5.773,1.759,6.139,9.227,12.231,12.408,12.398,12.11,8.587
01.06.2009,12.487,13.069,7.596,15.424,13.296,7.749,13.263,12.009,12.783,11.58,12.453,12.738,12.909,13.177,12.993,15.112,12.804,13.803,13.073,11.938,12.244,13.03,14.449,9.845,9.873,13.374,12.78,14.823,15.2,14.983,13.456,13.428,12.835,12.777,12.289,12.14,11.877,12.105,12.491,13.356,12.705,12.012,11.9,12.162,11.689,12.675,13.262,11.505,13.337,10.296,9.92,10.671,11.078,6.721,11.062,12.327,15.238,15.315,15.083,15.133,11.992
01.07.2009,16.993,18.278,13.945,19.181,16.579,14.613,18.227,16.964,17.623,16.168,16.449,17.037,19.192,16.883,16.511,19.326,17.775,18.484,17.879,17.135,17.631,17.859,17.386,14.93,14.696,18.364,17.514,18.629,18.631,19.026,18.24,18.187,18.229,18.038,17.651,17.352,17.271,17.389,15.496,18.438,18.028,16.689,16.695,16.539,15.933,16.272,17.309,15.965,17.692,15.418,15.462,15.135,15.222,14.076,15.916,17.988,18.8,19.215,18.717,19.149,17.154
01.08.2009,17.96,18.861,15.928,18.509,15.851,16.205,18.89,18.277,18.362,18.069,16.971,18.293,19.841,18.029,18.057,18.669,19.061,19.655,19.285,18.75,18.799,18.21,16.695,16.902,16.256,19.448,18.645,17.771,18.047,18.483,18.87,18.856,19.122,19.017,18.771,18.907,18.559,18.49,16.041,19.426,18.693,18.339,18.167,18.205,18.337,18.054,18.652,18.436,18.843,16.294,17.364,16.103,16.923,16.653,16.15,19.092,19.723,19.536,18.817,19.085,18.26
01.09.2009,15.387,17.084,12.566,16.259,12.268,11.348,16.508,16.368,16.214,15.987,13.539,15.62,17.777,15.818,15.802,16.347,17.463,17.874,17.651,16.804,17.115,17.507,13.546,14.066,13.522,17.568,16.762,15.888,16.032,16.334,16.639,16.658,16.903,16.781,17.125,16.981,16.505,16.548,13.418,17.809,17.011,16.712,16.127,15.443,16.372,15.964,16.299,16.52,15.468,13.785,14.746,13.528,14.466,13.141,10.644,17.457,17.199,17.02,16.533,16.668,16.084
01.10.2009,10.361,12.002,8.375,10.965,7.715,7.53,12.343,11.627,11.777,11.256,9.476,9.763,13.003,11.208,11.091,11.165,13.016,13.223,13.129,11.731,12.19,12.64,8.622,9.633,10.073,13.098,11.244,11.16,11.028,11.313,12.327,12.244,12.152,11.75,12.012,11.893,11.571,11.722,9.554,13.326,12.101,11.882,11.207,9.591,11.543,11.164,11.108,11.799,8.285,9.51,10.4,8.635,8.735,8.941,7.854,12.932,12.022,11.772,11.485,10.992,10.788
01.11.2009,7.379,7.492,5.964,7.947,6.645,5.747,8.955,8.316,8.914,8.024,7.523,7.157,9.057,6.854,7.405,7.804,9.524,8.881,9.454,9.073,8.733,8.618,6.783,6.835,6.744,8.892,8.323,8.122,8.063,8.181,9.007,9.095,8.681,8.637,8.902,8.966,8.888,8.945,7.661,9.503,7.359,8.334,7.738,7.225,8.067,7.234,6.42,8.123,5.837,7.117,7.319,6.292,6.303,5.284,5.913,9.334,8.599,8.659,8.334,7.822,8.385
01.12.2009,4.922,4.482,2.939,4.874,4.027,3.442,6.505,6.714,6.506,6.161,5.49,5.435,6.318,4.075,4.206,4.557,7.32,6.09,6.751,7.294,7.085,5.796,4.349,5.061,4.336,6.599,6.495,4.856,5.106,5.026,6.295,6.394,5.763,6.23,7.09,7.213,6.961,6.623,5.602,7.267,4.526,6.561,6.168,5.615,5.664,4.416,3.284,5.091,2.225,5.001,5.415,4.157,4.398,2.75,4.135,7,5.676,5.362,5.125,4.7,6.19
01.01.2010,1.359,0.2,-0.083,-0.044,-0.155,-0.028,2.434,3.815,2.601,2.982,2.201,1.81,2.734,-0.144,-0.052,-0.117,3.113,2.046,2.909,4.362,3.873,3.37,0.045,1.688,0.864,3.325,2.959,0.018,0.007,0.281,1.843,1.728,2.511,2.482,3.911,3.744,4.242,4.025,2.209,3.184,0.301,2.4,2.886,2.429,1.991,0.184,-0.145,0.55,-0.243,0.597,0.736,0.331,-0.14,-0.098,0.227,3.562,0.72,0.471,0.289,0.186,3.387
01.02.2010,0.268,-0.264,-0.191,-0.722,-0.277,-0.193,0.444,1.761,0.344,1.243,0.777,0.282,1.698,-0.248,-0.272,-0.793,1.333,1.06,1.251,2.525,1.599,0.568,-0.34,-0.103,-0.313,1.597,1.278,-0.614,-0.598,-0.603,-0.073,-0.192,0.172,0.451,1.451,2.136,2.561,2.255,0.672,0.799,-0.301,1.198,1.007,0.659,0.426,-0.305,-0.223,-0.194,-0.325,-0.185,-0.314,-0.309,-0.291,-0.19,-0.279,0.795,-0.457,-0.48,-0.487,-0.376,1.338
02.03.2010,0.995,0.128,-0.117,1.5,0.473,-0.132,0.903,1.937,1.021,0.301,0.619,1.324,1.741,0.106,0.117,1.373,1.919,1.376,1.892,1.932,1.737,1.476,0.685,-0.207,-0.122,1.404,1.301,1.94,1.867,1.446,0.846,0.968,1.211,1.125,1.661,1.726,1.915,2.03,1.006,1.221,0.053,1.911,1.301,1.125,0.257,0.095,0.041,-0.008,-0.042,0.081,-0.179,-0.037,-0.087,-0.13,-0.107,1.331,1.477,1.522,1.417,1.582,1.668
01.04.2010,3.183,3.232,0.37,6.038,2.984,0.425,3.914,3.32,3.913,2.497,2.509,2.856,5.742,1.839,2.028,5.852,3.478,4.421,4.094,3.399,3.589,4.119,3.837,0.634,0.71,4.066,3.674,5.834,6.124,5.991,4.002,3.97,4.206,3.927,3.649,3.592,3.33,3.451,3.083,3.981,1.492,3.357,2.911,2.603,2.508,2.037,1.609,2.415,2.305,1.153,0.714,0.981,1.155,0.396,0.772,3.577,5.593,5.896,5.866,5.428,3.54
01.05.2010,7.098,9.212,2.39,9.595,7.972,2.284,7.315,7.024,6.794,6.049,6.696,6.341,8.535,7.182,6.745,9.284,7.443,8.027,7.618,6.614,6.5,7.527,8.398,3.909,4.773,7.358,6.691,9.899,9.901,9.805,7.527,7.597,7.477,7.29,6.446,6.618,6.612,6.901,6.221,8.045,8.213,7.215,6.454,6.341,5.991,6.394,7.074,6.353,8.95,5.02,5.012,4.93,5.244,2.048,3.483,6.705,9.503,9.807,9.78,9.459,6.423
01.06.2010,11.693,13.653,6.874,14.644,13.586,6.8,12.393,11.442,11.99,10.71,12.11,11.16,14.829,12.348,11.427,14.596,13.024,13.551,14.114,11.293,11.335,12.611,12.377,9.459,9.506,13.155,11.073,14.427,14.638,14.322,12.785,12.34,12.912,12.36,11.357,11.53,11.286,11.441,10.738,12.98,12.966,11.399,11.191,11.651,10.674,11.021,12.629,11.146,12.922,9.684,9.453,10.08,10.05,8.181,9.136,12.481,14.337,14.942,14.199,13.998,11.161
01.07.2010,18.313,21.695,12.794,19.133,17.114,14.442,19.437,19.938,19.011,19.653,18.702,18.948,21.196,20.117,19.626,19.057,20.624,20.89,20.635,19.869,18.939,19.52,17.97,16.775,16.038,20.506,18.582,17.848,18.597,19.375,19.591,19.395,20.076,19.654,19.192,19.2,19.94,20.222,17.661,21.019,21.216,20.404,19.692,19.228,20.015,19.769,20.191,19.238,20.247,16.584,16.522,15.458,16.243,14.144,15.898,20.117,20.435,20.524,19.661,19.669,19.117
01.08.2010,17.722,21.296,14.776,18.346,16.937,15.267,18.325,19.224,17.803,18.561,17.665,17.786,20.772,19.9,19.461,18.493,19.978,20.701,20.149,18.834,18.073,19.34,17.237,16.978,15.783,20.025,18.103,17.835,18.158,18.584,18.152,18.393,18.942,18.81,18.353,18.469,18.101,19.083,16.028,20.546,20.959,19.544,18.483,18.03,18.87,18.81,19.946,18.168,18.494,16.661,17.48,15.674,15.993,15.182,15.977,18.703,19.162,19.31,18.727,18.692,17.774
01.09.2010,13.924,15.242,12.147,15.059,13.479,12.06,14.739,14.722,14.424,14.34,14.354,13.884,16.154,14.56,14.253,15.12,16.128,16.591,16.369,15.112,15.168,15.106,13.997,12.865,12.157,15.962,14.462,14.795,14.901,14.904,15.013,15.036,15.011,14.723,14.989,15.196,14.511,14.504,13.346,16.379,15.175,15.208,14.472,14.164,14.654,14.988,14.502,13.682,12.095,13.404,12.907,12.845,12.467,11.846,13.861,15.709,15.269,15.354,14.933,14.358,14.154
01.10.2010,9.731,9.734,8.025,11.077,8.837,8.379,12.027,10.164,11.601,10.23,10.126,9.951,10.991,10.057,10.111,10.806,11.902,11.016,11.844,11.212,11.125,9.715,9.592,8.679,8.389,10.428,11.177,10.765,10.96,11.149,11.93,11.687,11.278,11.488,11.397,10.987,10.806,10.452,9.987,11.901,10.011,10.616,9.821,9.933,10.446,10.353,9.804,9.013,8.336,9.537,8.85,8.529,8.7,7.755,9.39,11.437,11.55,11.731,11.281,10.662,10.562
01.11.2010,6.576,7.008,5.124,7.213,5.085,5.194,8.993,7.819,8.887,7.521,6.982,7.028,8.483,6.271,6.62,7.018,8.902,8.119,8.634,8.763,8.752,7.971,6.522,5.507,5.538,8.19,8.532,6.905,7.15,7.365,9.066,8.994,8.708,8.699,8.776,8.8,8.217,8.183,7.42,9.265,7.014,8.001,7.468,7.296,7.331,6.841,5.379,6.975,3.462,6.321,5.993,5.317,4.736,4.789,5.432,9.088,8.114,8.065,7.626,7.001,8.074
01.12.2010,2.277,1.75,1.027,1.263,0.512,0.862,4.314,5.048,3.897,4.083,3.035,3.51,3.535,1.256,1.878,0.981,4.793,2.863,4.448,5.113,4.526,3.144,0.608,2.301,2.335,3.363,3.37,1.116,1.165,1.373,4.084,3.796,3.341,3.918,4.419,4.894,4.935,5.038,2.682,4.941,1.883,4.345,4.34,3.783,3.387,1.945,0.524,3.096,-0.084,1.82,2.406,1.146,0.591,0.94,1.424,4.431,2.463,2.08,1.634,1.194,4.069
01.01.2011,1.022,0.069,0.013,0.531,0.389,0.055,1.519,2.832,1.407,1.768,1.306,1.802,1.223,0.02,-0.009,0.336,2.679,1.037,2.305,3.014,2.292,0.79,0.366,0.763,0.388,1.169,1.685,1.121,0.806,0.536,1.619,1.466,1.475,1.47,1.946,2.565,2.898,2.841,1.242,2.09,0.073,2.85,2.647,1.57,1.341,0.155,-0.076,0.472,-0.149,0.392,0.227,-0.029,-0.072,-0.012,-0.018,2.243,0.555,0.493,0.302,0.458,1.897
01.02.2011,0.687,-0.159,-0.061,0.825,0.705,-0.029,0.973,1.339,1.139,0.776,0.414,0.952,0.744,-0.138,-0.072,0.534,1.031,0.612,1.012,1.58,1.607,1.57,0.405,0.15,-0.122,1.016,1.7,1.243,1.086,0.974,0.953,0.944,1.048,1.269,1.616,1.422,1.512,1.492,1.221,0.966,-0.141,1.16,0.936,0.445,0.642,0.331,-0.124,-0.196,-0.194,0.068,-0.088,-0.198,-0.204,-0.085,-0.145,1.564,1.052,1.036,1.052,0.568,1.242
01.03.2011,0.908,0.085,-0.003,1.508,1.209,-0.007,1.1,0.963,1.169,0.57,0.82,0.857,1.47,-0.105,-0.008,1.473,1.19,1.403,1.252,1.439,1.589,1.501,1.096,0.225,-0.06,1.379,1.441,1.859,1.577,1.592,1.045,1.114,1.34,1.227,1.548,1.518,1.278,1.079,1.27,0.742,0.128,0.873,0.832,0.676,0.575,0.327,-0.088,-0.025,-0.065,0.427,-0.136,0.066,-0.122,-0.062,0.121,1.54,1.647,1.811,1.672,1.612,1.164
01.04.2011,3.421,2.054,0.748,6.444,4.513,0.626,4.282,3.03,4.138,2.568,3.305,3.098,5.559,1.708,1.826,6.489,3.61,5.424,4.568,3.276,3.303,4.525,5.293,1.313,0.822,4.787,3.506,6.743,6.948,6.493,4.14,4.775,4.582,4.142,3.285,3.362,3.281,3.109,3.484,4.389,2.097,3.051,2.74,2.771,2.5,1.706,1.398,2.026,2.79,2.285,0.875,1.372,0.921,0.668,2.023,3.653,6.218,6.882,6.579,5.806,3.459
01.05.2011,7.254,7.253,2.464,11.256,8.04,2.273,9.495,6.905,9.079,6.903,7.177,7.131,10.658,5.558,5.503,11.502,8.382,8.97,8.789,7.251,7.541,7.999,9.157,3.687,3.371,8.507,7.793,10.791,10.978,11.187,9.614,9.473,8.613,8.87,7.804,7.794,6.739,6.983,7.303,8.417,7.357,7.654,6.518,6.995,6.656,5.045,5.441,5.438,8.242,6.113,2.98,4.518,4.182,1.889,4.958,8.183,10.466,10.992,10.823,10.818,7.528
01.06.2011,13.248,16.2,8.054,15.639,13.42,7.69,14.84,13.537,14.396,12.875,13.173,13.644,15.882,12.738,12.162,15.803,14.559,15.481,14.807,13.862,13.699,14.739,13.915,10.351,9.583,15,14.003,14.666,15.162,15.844,14.637,14.702,14.877,14.624,14.057,13.774,13.601,13.569,11.308,15.481,15.315,13.559,13.349,13.399,12.786,11.928,12.913,13.008,15.505,11.98,10.153,10.716,10.262,8.82,11.105,14.619,16.235,16.276,15.772,16.107,13.699
01.07.2011,17.451,20.083,15.418,18.394,18.017,15.796,16.839,17.432,16.963,17.49,16.936,17.04,18.409,19.307,18.613,18.613,17.834,18.697,17.966,16.976,16.686,17.046,17.383,16.977,15.577,17.332,17.036,18.266,18.244,17.846,16.991,16.883,17.48,17.246,16.934,17.009,16.568,17.179,16.678,18.511,20.261,18.117,17.87,16.922,18.156,18.661,19.623,17.199,20.495,17.07,17.629,15.114,15.801,16.014,16.264,17.4,18.006,17.868,17.727,17.803,16.483
01.08.2011,17.518,19.307,15.84,18.071,17.917,16.405,16.609,18.128,16.552,18.328,17.833,17.314,18.906,18.619,18.722,18.306,18.293,19.154,18.616,17.309,17.058,17.719,18.228,17.457,16.676,18.358,17.014,17.93,17.925,17.824,16.506,16.567,17.108,16.881,17.041,17.055,16.89,17.268,16.82,18.606,19.349,18.293,18.162,17.806,18.678,19.236,18.54,17.368,18.657,17.422,17.717,16.76,16.68,16.195,17.322,17.318,17.733,17.66,17.332,17.285,16.977
01.09.2011,14.59,16.051,12.334,15.172,13.107,13.141,14.408,14.773,14.199,15.402,13.677,14.341,16.764,15.105,15.414,15.437,16.41,16.904,16.509,14.787,15.067,16.13,13.159,13.93,13.765,16.658,13.872,14.964,15.117,15.228,14.688,14.671,15.091,14.734,14.903,15.116,14.125,14.366,10.829,16.657,16.034,15.295,15.014,14.184,15.549,15.652,15.803,16.814,14.486,13.985,14.318,14.051,15.007,13.278,13.447,15.523,15.802,15.435,15.073,14.996,13.679
01.10.2011,10.966,12.499,8.259,12.234,7.76,8.364,10.477,12.045,11.01,12.471,10.54,9.429,13.532,11.348,11.195,12.072,13.805,13.632,13.916,11.679,12.112,12.976,7.917,9.591,9.833,13.312,11.815,12.201,12.213,12.35,10.74,11.068,12.43,11.654,12.383,12.668,10.891,11.902,8.059,14.186,12.004,12.481,11.829,9.652,12.491,12.264,11.12,12.105,10.164,10.116,10.216,9.874,10.792,8.707,9.762,12.804,12.733,12.696,12.36,11.521,10.875
01.11.2011,7.895,8.663,6.477,8.563,6.176,6.055,8.615,9.077,9.099,8.932,7.81,7.17,9.993,8.567,8.098,8.236,10.755,9.784,10.757,9.47,9.608,8.855,6.763,6.588,6.78,9.515,9.449,8.418,8.73,8.502,8.413,8.766,9.065,9.102,9.552,9.95,9.072,9.269,7.801,10.842,8.271,9.53,9.017,7.349,8.97,8.549,7.877,8.107,5.326,7.335,7.201,6.985,7.121,6.614,5.638,9.631,8.644,8.701,8.553,8.128,9.336
01.12.2011,5.554,5.7,4.71,6.18,4.281,4.39,6.038,6.611,6.559,7.07,6.616,5.596,6.155,5.712,6.082,5.952,7.445,5.973,6.88,6.789,7.235,5.433,4.825,4.626,4.871,5.85,7.065,6.485,6.359,5.942,6.04,6.199,6.27,6.534,7.132,7.005,6.286,6.679,5.527,7.583,5.648,7.024,6.935,6.095,7.13,6.591,4.489,5.502,4.076,5.729,5.219,4.924,5.282,3.985,3.252,7.004,5.494,5.623,5.799,5.357,6.168
01.01.2012,3.456,2.772,1.829,4.049,2.395,1.96,4.615,4.888,5.016,4.817,4.941,4.457,3.975,2.322,2.798,3.704,4.972,4.107,4.714,4.912,5.06,4.221,2.709,3.337,3.164,4.188,4.914,4.137,4.237,4.005,4.564,4.714,4.776,4.946,5.061,4.783,4.892,5.023,4.052,5.039,2.994,4.555,5.084,5.071,4.586,3.463,1.438,2.934,0.502,3.197,3.114,2.973,2.141,1.766,1.989,5.062,3.932,3.951,3.883,3.604,4.238
01.02.2012,1.242,0.127,0.239,0.637,0.633,-0.314,1.652,2.958,1.985,2.765,1.926,2.065,1.935,0.138,0.294,0.279,2.197,1.262,2.145,2.76,2.558,2.064,0.261,1.149,1.012,2.243,2.044,1.282,1.092,0.797,1.627,1.481,1.504,1.886,2.49,2.646,2.837,2.568,2.033,1.864,0.142,1.982,2.846,2.25,2.436,0.342,0.089,0.411,-0.012,0.574,0.547,0.521,0.235,0.039,0.332,2.65,1.056,1.008,0.803,0.699,1.731
01.03.2012,2.278,0.692,0.484,3.793,2.572,0.394,2.879,2.985,2.899,2.687,2.715,3.17,2.935,0.434,0.527,3.555,2.633,2.585,2.55,3.069,2.963,2.533,2.135,1.541,1.095,2.617,2.979,4,3.982,3.918,2.94,2.851,2.931,2.93,2.961,2.981,3.062,3.095,2.982,1.894,0.612,2.555,2.895,2.923,2.205,1.047,0.352,0.597,1.026,1.599,0.963,1.16,0.534,0.08,1.024,2.849,3.599,3.795,4.026,3.723,2.868
01.04.2012,3.708,2.962,0.743,6.24,3.754,0.694,4.746,3.861,4.695,3.324,3.617,4.117,5.125,1.914,2.167,6.109,4.512,5.057,4.778,3.828,4.133,4.337,4.599,1.991,1.539,4.627,4.293,6.082,6.108,6.631,4.832,4.877,5.21,4.998,4.086,4.099,3.847,3.909,4.172,3.796,2.163,3.924,3.694,3.901,3.256,2.676,1.394,2.44,3.163,2.512,1.534,1.823,1.376,0.313,1.897,4.626,6.09,6.489,6.445,5.87,4.059
01.05.2012,7.692,9.226,2.236,11.024,8.151,2.519,8.661,7.45,8.743,7.285,7.316,7.99,10.594,6.841,6.653,11.298,9.449,9.52,9.906,7.607,7.948,8.871,9.728,4.385,4.074,9.02,8.013,10.842,10.875,10.959,8.765,9.259,8.865,9.048,7.979,7.761,7.475,7.52,7.797,8.827,7.849,7.508,7.358,7.587,6.975,6.911,6.581,7.677,8.796,5.372,4.129,4.646,4.388,2.345,5.188,8.552,10.192,10.894,10.667,10.824,7.86
01.06.2012,11.936,13.321,7.665,13.812,12.705,7.527,12.535,12.122,12.292,11.125,12.026,12.123,13.811,11.66,11.051,14.036,13.726,14.234,14,12.45,12.694,13.6,13.208,9.704,9.675,13.806,12.08,13.561,13.724,13.777,12.74,12.778,13.43,12.901,12.593,12.51,12.347,12.209,11.577,13.777,13.29,11.987,11.447,11.725,11.299,11.416,11.597,11.457,13.09,10.331,9.765,9.782,10.577,8.229,10.241,13.194,14.311,14.148,13.719,14.274,12.256
01.07.2012,15.867,17.658,13.316,17.351,15.656,13.32,16.146,16.079,15.728,16.037,15.564,16.123,18.62,15.776,15.712,17.537,17.388,18.444,17.625,16.384,16.483,17.531,16.296,14.714,14.049,18.022,15.615,16.592,16.976,16.839,16.233,16.285,16.907,16.293,16.356,16.48,16.23,16.098,13.963,17.437,17.075,16.032,15.902,16.298,15.802,15.819,16.138,16.19,14.95,14.977,14.841,14.302,14.59,13.564,15.055,16.855,17.019,17.217,16.827,17.012,16.154
01.08.2012,17.047,18.351,15.335,18.352,16.093,15.177,17.868,16.996,17.514,17.548,16.987,17.034,19.307,17.306,17.411,18.383,18.21,19.371,18.601,17.568,17.808,18.515,16.506,16.395,15.905,18.847,17.722,17.687,17.951,18.183,17.881,17.934,18.318,18.017,17.975,17.893,16.91,16.936,15.766,18.319,18.121,17.434,17.229,16.88,17.625,17.605,17.33,16.855,16.042,16.761,16.473,15.989,16.117,15.36,16.187,18.343,18.013,18.415,17.939,18.169,17.218
01.09.2012,14.125,15.731,11.714,15.203,11.243,11.409,15.426,14.824,14.78,14.945,12.421,14.163,17.304,14.528,14.639,15.224,16.319,17.483,16.718,15.62,16.095,16.917,13.159,12.118,11.121,17.366,15.284,14.839,14.946,15.394,15.551,15.451,16.238,15.532,15.919,16.355,14.99,14.995,12.926,16.639,15.681,15.157,14.776,13.808,15.006,14.794,14.803,14.813,13.075,12.999,12.611,11.696,12.465,11.86,12.351,16.666,16.173,15.917,15.339,15.041,14.896
01.10.2012,10.633,12.763,8.106,11.453,9.293,8.244,11.782,11.446,11.384,11.47,10.544,10.161,13.227,11.365,11.497,11.327,13.012,13.289,13.244,11.693,12.591,12.806,10.105,8.756,8.809,13.271,11.693,11.144,11.368,11.309,11.929,11.651,11.837,11.766,12.572,12.667,11.379,11.336,9.948,13.516,12.487,11.968,11.174,10.129,11.451,11.777,11.572,11.46,9.303,9.873,9.526,8.628,9.644,8.533,8.012,12.949,11.977,11.719,11.466,11.107,11.235
01.11.2012,7.363,8.576,5.1,8.031,6.836,5.707,8.609,8.357,8.775,8.423,7.692,7.415,9.341,8.022,7.701,7.881,9.641,8.872,9.65,8.647,9.428,8.636,6.704,5.741,6.011,8.913,9.207,8.13,8.116,7.792,8.728,8.782,8.114,8.527,9.351,9.211,8.315,8.401,7.736,10.208,8.386,8.628,8.043,7.647,8.383,8.31,7.276,7.949,5.343,6.907,6.299,6.133,6.487,5.166,5.441,9.632,7.837,7.8,7.619,7.235,8.433
01.12.2012,3.713,3.214,2.191,3.202,1.984,1.975,5.805,6.038,5.983,5.765,5.31,4.978,5.255,3.658,3.888,2.941,6.501,4.803,5.914,6.459,6.256,4.937,1.856,3.622,3.23,5.333,5.362,3.203,3.191,3.268,5.397,5.212,4.371,5.159,5.98,6.743,6.127,6.123,4.699,6.703,3.44,6.079,5.228,5.187,5.773,3.63,2.302,4.612,-0.337,3.673,3.721,3.1,2.942,1.589,2.924,6.475,3.89,3.681,3.463,2.916,5.086
01.01.2013,1.903,0.295,0.066,1.888,1.364,0.097,3.251,3.301,3.33,2.859,2.653,2.838,3.176,-0.082,0.306,1.675,3.939,2.385,3.3,4.345,3.891,3.59,1.219,1.789,1.462,3.45,3.453,1.886,2.005,2.17,3.238,3.128,2.827,3.147,3.886,4.093,4.021,3.926,2.791,3.322,0.289,3.133,3.588,2.845,2.172,0.805,-0.043,0.972,-0.543,1.19,0.924,0.752,0.232,-0.218,0.984,3.889,2.428,2.293,2.114,1.604,3.108
01.02.2013,0.971,-0.182,-0.113,0.84,0.907,-0.113,1.642,2.215,1.665,1.433,1.687,1.832,1.906,-0.19,-0.127,0.518,2.276,1.763,1.993,2.893,2.442,2.019,0.385,0.538,0.104,1.889,1.967,0.76,0.775,0.753,1.554,1.611,1.701,1.849,2.261,2.69,2.31,2.367,1.882,1.983,-0.215,2.063,2.174,1.77,1.473,0.209,-0.1,0.109,-0.417,0.168,0.217,-0.019,-0.188,-0.104,-0.075,2.084,0.891,0.777,0.787,0.627,1.869
01.03.2013,0.877,0.001,-0.052,0.927,0.169,-0.06,1.019,1.285,1.204,0.831,0.884,1.382,1.968,-0.161,0.1,0.892,1.582,1.577,1.674,2.024,1.85,2.26,0.308,0.265,-0.034,1.773,1.424,0.968,0.964,0.832,0.959,0.98,1.227,1.365,1.523,1.869,2.057,1.694,1.284,1.28,-0.087,0.884,1.276,1.471,0.74,0.077,-0.012,0.319,-1.19,0.21,-0.058,-0.102,-0.075,-0.489,-0.13,1.657,0.81,0.649,0.636,0.572,1.782
01.04.2013,2.441,1.478,0.348,3.942,2.109,0.368,2.504,2.548,2.503,2.078,2.397,2.52,4.098,1.331,1.701,4.065,2.674,3.496,3.046,2.607,2.582,3.275,2.813,0.912,0.671,3.324,2.489,4.215,4.068,4.193,2.677,2.513,2.897,2.78,2.428,2.575,2.644,2.522,2.39,2.4,1.056,2.506,2.456,2.629,2.026,1.613,1.078,2.375,1.827,1.165,0.762,0.887,0.708,0.09,0.792,2.648,3.618,3.553,3.82,4.256,2.702
01.05.2013,7.794,9.815,3.33,11.008,8.434,2.845,8.636,7.888,8.631,7.527,7.311,7.167,10.215,6.306,6.293,11.069,8.971,10.932,9.807,8.565,7.867,7.82,8.855,4.793,4.218,10.128,7.632,10.599,10.801,10.725,8.497,8.938,9.705,8.395,7.734,8.046,7.997,8.165,7.472,10.5,8.941,7.931,7.661,6.963,7.355,6.785,6.534,6.086,9.293,6.266,4.237,5.29,5.03,2.075,5.027,8.666,10.338,10.49,10.739,10.681,7.913
01.06.2013,13.733,17.245,9.725,15.748,14.073,10.385,14.492,13.791,14.294,13.178,13.382,13.236,15.812,14.629,13.152,15.532,15.628,15.043,15.732,14.581,14.026,14.39,14.206,11.797,11.172,14.685,13.667,15.046,15.389,15.63,14.338,14.48,14.596,14.501,13.939,14.415,14.256,14.463,12.696,15.026,17.122,14.065,13.484,13.593,13.201,13.076,14.989,12.771,16.027,11.985,12.865,11.834,11.678,10.298,11.17,14.682,14.991,15.211,15.281,15.689,14.115
01.07.2013,16.596,18.989,13.518,18.053,16.739,13.43,17.325,17.439,17.123,16.583,16.986,16.907,19.884,17.259,17.311,17.981,17.924,19.645,18.15,17.764,17.537,18.184,16.797,14.759,14.047,18.95,16.974,17.435,17.833,18.011,17.506,17.476,17.526,17.217,17.482,17.831,17.711,17.523,16.109,17.99,18.076,17.165,17.212,17.103,16.717,16.281,17.757,17.306,17.541,14.075,14.296,14.311,14.176,13.978,14.794,17.706,18.326,18.406,18.206,18.029,17.661
01.08.2013,17.561,18.946,15.262,18.995,16.579,15.772,18.82,18.689,18.596,18.141,18.198,18.62,20.63,17.616,17.235,19.193,19.389,20.518,19.515,18.884,19.183,18.957,17.581,16.469,15.909,19.896,18.62,18.32,18.466,19.004,18.922,18.829,19.427,19.105,19.018,19.116,18.612,18.661,16.989,19.306,18.613,18.407,18.622,18.469,18.058,17.264,18.229,18.23,18.297,16.461,16.271,15.934,16.002,15.745,16.718,19.4,19.576,19.588,19.136,18.414,18.939
01.09.2013,15.37,16.93,13.777,16.363,15.55,14.278,16.317,16.203,16.231,16.022,16.279,16.004,17.342,15.825,15.474,16.387,16.801,17.777,17.177,16.437,16.845,16.233,15.299,15.013,14.439,16.97,16.557,15.885,16.155,16.245,16.251,16.357,16.376,16.657,16.827,16.944,16.204,16.028,15.452,17.031,17.021,16.282,16.428,16.213,15.939,15.877,16.26,14.136,14.652,15.131,15.228,13.937,14.579,13.889,14.017,16.967,16.452,16.521,16.239,15.936,16.466
01.10.2013,10.867,11.975,9.018,12.427,10.346,9.38,13.005,11.524,12.88,10.953,11.79,12.027,13.276,10.42,10.378,12.099,13.101,12.837,13.206,12.746,13.092,11.861,11.636,9.505,9.929,12.469,12.749,12.063,12.342,12.585,13.035,12.747,12.413,12.718,13.047,13.118,12.385,11.876,12.326,13.191,11.899,11.515,11.589,11.759,10.57,10.6,10.403,9.712,8.97,10.211,9.872,9.499,9.296,8.966,9.062,13.029,12.737,12.765,12.61,12.04,12.648
01.11.2013,7.864,8.729,5.28,8.908,6.516,5.706,9.83,8.742,9.676,8.44,7.868,8.545,9.447,7.798,7.756,8.785,10.076,9.359,10.129,9.879,9.779,9.187,7.999,6.519,6.828,9.497,9.904,9.026,8.99,9.003,10.068,10.018,9.378,9.665,9.807,9.897,9.5,8.901,8.584,10.394,8.641,9.103,8.777,8.272,8.621,8.007,7.138,7.764,5.992,7.518,7.563,6.339,6.206,5.777,6.506,9.838,8.971,8.796,8.738,8.536,9.373
01.12.2013,5.085,4.997,2.977,6.298,4.379,3.202,6.474,6.346,6.865,6.2,5.688,5.734,5.598,4.791,5.21,5.956,6.956,5.706,6.599,6.95,7.078,5.063,4.868,4.383,4.459,5.635,7.186,6.405,6.306,5.838,6.526,6.462,6.154,6.597,7.113,6.701,6.509,6.321,5.895,7.094,5.273,6.44,6.015,5.639,6.257,5.435,3.858,4.847,2.803,5.016,4.605,3.66,3.717,2.941,3.384,7.031,5.469,5.52,5.509,5.131,5.742
01.01.2014,3.174,2.203,0.894,3.685,2.429,1.037,4.436,4.671,4.482,3.89,4.215,4.02,4.689,1.566,2.165,3.612,4.473,3.984,4.375,4.565,4.983,4.901,3.048,2.155,2.009,4.725,5.312,3.848,3.789,3.662,4.33,4.271,4.112,4.235,5.276,4.962,4.444,4.48,4.733,4.835,2.586,4.171,4.378,4.018,3.783,2.871,1.027,2.982,0.932,2.714,2.494,1.701,1.323,0.427,1.67,5.18,3.907,3.892,3.678,3.225,4.609
01.02.2014,1.916,-0.013,-0.063,1.954,1.079,0.027,2.271,2.762,2.246,2.617,2.574,2.785,2.394,0.308,0.292,2.096,2.608,2.604,2.35,2.939,3.117,2.615,2.081,1.334,0.793,3.016,3.123,2.527,2.25,2.183,2.114,2.056,2.091,2.182,2.97,3.09,2.868,2.715,2.831,2.149,0.043,2.635,2.742,2.325,2.543,0.697,0.068,0.342,0.077,1.254,0.842,0.592,-0.151,-0.048,0.57,3.378,1.792,2.121,1.907,1.965,3.036
01.03.2014,2.744,1.03,0.569,4.384,2.99,0.564,3.68,3.189,3.615,2.639,3.071,3.599,3.993,0.973,1.117,4.406,3.503,3.689,3.446,3.414,3.858,4.022,3.829,1.659,1.035,3.749,3.713,4.552,4.588,4.665,3.68,3.712,3.949,3.81,3.721,3.633,3.359,3.214,3.636,2.957,0.752,2.899,3.087,3.281,2.288,1.502,0.538,1.201,1.288,1.979,1.289,0.911,0.565,-0.021,1.374,3.981,4.811,4.986,4.905,4.452,3.645
01.04.2014,4.649,4.214,1.072,7.451,4.985,1.057,5.877,4.422,6.073,4,4.459,5.097,6.355,2.937,3.166,7.521,5.917,6.992,6.556,5.029,5.445,5.448,6.207,2.48,2.18,6.3,5.287,7.412,7.448,7.476,6.009,6.361,6.181,6.006,5.313,5.259,4.672,4.553,5.142,5.54,3.451,4.259,4.382,4.457,3.866,3.15,2.826,3.382,4.106,3.291,2.264,2.16,1.99,0.54,2.725,5.621,7.312,7.587,7.571,7.056,5.254
01.05.2014,8.455,9.199,2.946,12.827,9.058,3.073,10.098,8.313,10.342,7.427,7.682,9.126,10.515,7.521,7.089,12.762,10.447,10.241,10.785,9.115,9.45,8.856,10.919,4.843,4.886,9.658,9.198,12.311,12.641,12.316,10.192,10.603,10.681,10.401,9.279,9.192,8.519,8.5,9.07,10.368,9.073,8.169,8.058,8.301,7.524,7.022,7.571,6.995,8.678,6.046,4.762,4.839,5.358,2.3,5.892,9.756,11.884,12.098,12.097,12.069,9.268
01.06.2014,12.507,12.221,7.61,16.601,12.905,8.071,14.956,11.935,15.088,11.182,11.704,12.616,15.573,12.238,11.719,16.685,13.679,15.1,14.118,13.275,14.044,13.79,15.137,8.523,8.861,14.196,14.348,16.241,16.521,16.649,15.128,15.287,15.433,14.98,14.303,13.706,13.257,12.589,13.361,12.957,12.713,11.887,11.665,11.807,11.672,11.536,12.311,10.813,12.315,9.667,8.503,9.526,9.702,7.746,9.35,14.308,16.076,16.518,16.32,16.427,13.236
01.07.2014,17.534,18.833,17.086,19.84,18.479,17.492,18.806,17.638,19.006,17.544,17.759,18.325,17.278,17.887,17.556,19.889,19.434,19.386,19.098,18.315,18.436,15.896,19.235,17.233,16.976,18.419,18.424,19.52,19.794,19.411,18.694,18.987,19.036,19.214,18.568,18.585,18.084,17.625,18.363,18.968,19.017,17.312,17.88,17.832,17.756,17.576,18.023,15.925,19.38,17.189,17.071,17.176,17.76,17.39,17.019,18.717,19.06,19.499,19.273,19.309,18.409
01.08.2014,18.142,20.089,16.42,18.59,15.998,17.261,19.688,18.918,19.258,18.677,16.822,18.352,20.313,18.769,18.711,18.549,19.497,19.966,19.34,19.168,18.749,17.907,17.816,18.235,17.914,19.892,18.913,17.96,18.122,18.789,19.866,19.636,19.458,19.441,18.883,18.969,18.962,18.742,16.306,20.407,20.151,19.203,18.69,17.87,18.84,18.818,19.207,19.366,19.344,16.719,18.535,17.795,18.747,17.521,15.172,19.488,19.361,19.531,18.665,18.715,18.818
01.09.2014,15.313,16.572,13.348,16.093,14.726,13.321,16.838,16.05,16.876,15.557,14.764,15.697,16.156,15.935,15.837,16.111,16.776,16.729,16.926,16.526,16.372,13.276,15.68,14.074,14.575,16.31,16.268,15.86,15.953,16.095,16.86,16.795,16.628,16.837,16.341,16.538,16.112,15.945,15.453,17.019,16.447,16.361,15.89,15.476,15.66,16.155,15.875,14.951,15.538,14.227,14.591,14.744,14.799,13.35,14.519,16.633,16.79,16.811,16.442,16.389,16.143
01.10.2014,11.413,11.896,8.332,13.02,10.788,8.715,14.516,12.285,14.447,11.395,11.75,11.926,12.8,10.637,10.62,12.869,13.314,12.387,13.283,13.195,13.796,12.278,12.799,10.111,9.857,12.173,13.865,12.799,13.013,13.385,14.604,14.632,14.012,14.358,14.028,13.626,12.496,12.262,12.931,13.49,11.803,12.386,11.501,12.095,11.523,11.435,10.724,10.436,9.032,10.794,10.073,9.573,9.468,7.871,10.236,14.184,14.665,14.587,14.013,13.507,13.346
01.11.2014,8.256,7.673,5.058,9.92,7.681,5.253,11.793,8.934,11.872,8.392,8.572,9.336,9.01,6.271,6.688,9.667,9.461,8.588,9.351,10.091,11.15,8.838,9.327,7.596,6.819,8.78,11.567,9.734,9.957,10.16,11.735,11.65,10.306,10.734,11.273,10.25,9.957,9.527,10.235,10.235,7.902,9.036,8.699,9.046,8.725,7.875,6,7.392,5.253,8.058,7.625,6.66,6.265,5.463,7.118,11.252,10.941,10.776,10.555,10.101,10.612
01.12.2014,5.191,4.414,3.32,6.012,4.682,3.357,7.048,6.318,7.31,5.879,6.087,6.369,5.246,4.231,4.25,5.607,6.374,4.941,6.166,6.947,7.64,5.417,5.183,5.379,4.98,5.607,8.07,6.277,6.081,5.921,6.997,7.081,6.581,7.071,7.671,6.708,6.806,6.787,6.824,6.622,4.418,6.241,5.977,6.22,5.821,5.207,2.915,3.912,2.434,5.591,5.466,4.379,4.194,2.847,3.977,7.638,5.607,5.807,6.063,5.652,6.912
01.01.2015,3.378,1.942,1.124,4.464,3.066,0.972,4.575,4.503,4.869,4.121,4.532,4.789,3.667,1.298,2.192,4.044,4.599,3.477,4.604,4.834,5.298,3.876,3.475,3.391,3.211,3.9,5.569,4.753,4.56,4.227,4.498,4.526,4.88,5.007,5.433,4.91,4.805,4.569,4.577,4.401,1.987,4.615,4.205,4.782,3.8,3.268,0.439,2.009,0.427,3.594,2.718,2.576,1.941,0.819,1.547,5.476,4.247,4.19,4.167,3.665,4.511
01.02.2015,2.487,0.986,0.274,2.6,2.513,0.318,3.405,3.325,3.659,2.902,3.21,3.768,2.877,0.412,0.925,2.539,3.51,2.88,3.4,3.738,3.955,2.926,2.216,2.192,1.993,3.067,4.244,3.08,2.857,2.532,3.302,3.287,3.508,3.642,4.098,3.754,3.689,3.435,3.47,3.141,1.07,3.25,3.277,3.575,2.642,1.806,0.04,0.921,0.562,2.132,1.823,1.35,0.982,-0.006,0.928,4.106,2.673,2.599,2.495,2.418,3.55
01.03.2015,3.062,1.852,0.602,3.735,3.273,0.659,3.873,3.663,3.982,3.167,3.554,3.759,3.853,0.978,1.605,3.685,3.751,3.846,3.796,3.779,3.989,3.676,3.432,1.995,1.814,3.705,4.074,3.849,3.809,3.934,3.849,3.86,4.012,3.999,3.976,3.829,3.643,3.642,3.823,3.252,1.63,3.405,3.481,3.702,2.961,2.379,0.457,1.542,1.836,2.389,2.077,1.39,1.329,0.152,1.483,4.045,3.899,3.994,3.947,3.972,3.761
01.04.2015,4.353,3.553,0.902,6.512,4.623,1.094,5.542,4.407,5.548,3.958,4.45,4.605,6.057,2.214,2.55,6.391,4.819,5.38,5.068,4.494,5.205,5.515,5.689,2.711,2.311,5.16,5.105,6.473,6.596,6.561,5.649,5.717,5.647,5.523,5.241,5.052,4.494,4.483,4.774,4.96,3.121,4.406,4.273,4.455,3.912,3.089,1.819,3.02,3.626,3.269,2.512,2.299,2.267,0.559,2.626,5.296,6.87,6.941,6.684,6.517,4.708
01.05.2015,7.405,7.694,2.371,10.041,7.833,2.489,8.682,7.508,8.876,6.99,7.458,7.444,10.536,5.569,5.768,10.103,8.465,9.68,8.987,7.248,8.548,9.695,9.256,4.474,4.229,9.332,8.221,9.667,9.852,10.31,8.791,8.918,8.813,8.834,8.412,7.935,7.533,7.669,7.359,8.326,6.926,7.494,7.122,7.67,6.746,5.935,5.67,6.788,7.704,5.667,4.41,4.394,4.661,1.781,5.225,8.865,10.689,10.681,10.54,10.472,7.707
01.06.2015,11.399,13.339,6.281,13.234,11.659,6.097,12.529,11.72,12.375,11.356,11.486,11.687,15.032,9.648,10.029,13.347,13.126,14.257,13.495,12.295,12.514,13.847,12.747,8.284,7.951,14.065,12.383,12.931,13.156,13.34,12.656,12.698,12.989,12.8,12.652,12.317,12.098,12.013,10.821,13.352,12.391,11.852,11.709,11.75,11.214,10.587,10.229,11.583,12.386,9.676,8.272,9.108,8.94,8.36,9.353,12.718,14.171,14.219,13.46,13.898,11.95
01.07.2015,15.384,17.039,12.585,16.547,14.635,12.828,15.375,15.95,15.551,15.684,15.118,15.706,17.775,14.875,14.838,16.883,16.42,17.605,16.816,15.818,15.884,16.942,15.578,14.28,13.876,17.329,15.159,16.105,16.134,16.403,15.492,15.586,16.266,15.804,15.705,15.878,15.749,15.854,13.093,16.893,16.723,16.128,15.894,15.765,15.677,15.324,14.813,15.976,16.981,14.566,14.758,14.122,14.37,13.616,14.811,16.034,17.294,17.296,16.596,17.01,15.695
01.08.2015,17.183,19.183,15.514,17.881,17.231,15.829,17.291,18.256,17.479,18.126,17.423,17.998,18.158,17.39,17.442,18.028,18.709,18.94,18.798,18.364,17.556,16.077,17.445,16.533,16.303,18.275,16.962,17.684,17.675,17.732,17.249,17.613,17.298,17.543,17.308,17.951,18.137,18.289,16.781,18.939,19.145,18.368,17.993,17.727,18.137,17.864,17.429,17.16,18.299,16.78,16.802,16.283,16.534,16.281,16.631,17.424,17.615,17.804,17.618,17.768,18.031
01.09.2015,15.151,16.881,13.251,15.656,14.922,13.819,16.447,16.163,16.28,15.959,15.434,15.418,16.487,15.87,15.537,15.648,16.706,16.552,16.727,16.339,16.1,14.916,15.813,14.58,14.23,15.861,16.115,15.289,15.449,15.695,16.382,16.266,16.108,16.247,16.1,16.079,16.091,16.271,15.394,16.987,16.878,16.343,16.017,15.478,15.83,15.953,15.847,14.253,14.456,14.568,15.005,14.104,14.335,13.831,14.07,16.247,16.108,16.191,15.678,15.577,16.163
01.10.2015,11.41,13.247,8.547,11.892,11.106,8.716,13.807,12.988,13.697,12.68,12.534,12.127,12.03,11.56,11.718,11.704,13.211,12.205,13.312,12.95,12.994,10.658,11.386,11.119,10.715,12.126,13.033,11.727,11.944,11.997,13.577,13.52,12.715,12.968,13.027,12.378,12.927,13.068,12.29,13.673,13.115,13.268,12.655,12.419,12.751,12.537,10.678,10.623,10.823,11.115,11.313,9.147,9.459,9.181,10.932,12.883,12.877,12.707,12.135,11.774,12.804
01.11.2015,8.671,9.973,6.533,9.412,7.778,6.059,10.635,9.891,10.943,9.56,9.222,9.526,9.187,8.371,8.441,9.183,10.189,9.08,10.102,10.119,10.521,8.916,9.075,8.201,7.731,9.547,10.716,9.391,9.416,9.377,10.52,10.849,10.189,10.501,10.46,10.12,9.989,10.062,9.863,10.548,9.671,9.973,9.75,9.713,9.492,9.137,7.377,8.179,6.749,8.83,8.836,6.941,7.8,7.072,6.648,10.304,9.8,9.867,9.563,9.309,10.268
01.12.2015,6.187,6.44,3.93,7.315,5.026,4.113,7.678,7.307,7.813,7.281,6.515,6.999,6.854,6.201,6.482,6.874,7.855,6.599,7.677,7.858,8.082,6.706,6.454,5.391,6.025,6.943,8.301,7.338,7.279,7.137,7.701,7.715,7.777,7.773,8.152,7.745,7.432,7.393,7.229,7.786,6.269,7.577,6.977,6.833,7.1,6.75,5.105,5.689,4.092,5.837,6.06,5.18,5.077,4.129,3.538,8.166,6.89,6.961,6.739,6.523,7.725
01.01.2016,2.734,1.466,0.845,2.456,1.327,0.969,4.108,4.323,3.9,3.301,3.604,3.798,4.252,0.715,1.254,2.094,5.1,3.773,4.819,5.493,5.486,4.217,1.686,2.625,2.495,4.06,5.475,2.924,2.813,2.579,3.954,3.627,4.18,4.052,5.594,5.153,5.063,5.16,4.036,4.73,1.589,3.707,3.711,3.514,2.676,1.4,0.501,2.296,-0.045,2.247,2.855,2.123,0.783,0.082,1.071,5.28,2.934,2.978,2.703,2.46,4.299
01.02.2016,2.646,2.008,-0.039,3.011,2.263,-0.018,3.495,3.874,3.943,2.9,3.384,3.231,3.397,1.088,1.594,2.585,4.258,3.242,3.968,4.216,4.326,3.471,2.551,1.57,1.412,3.385,4.357,3.213,3.242,3.099,3.484,3.477,3.729,3.804,4.129,4.162,3.944,4.065,3.564,4.208,1.826,4.002,3.577,3.319,2.858,2.303,0.401,1.508,0.319,1.436,1.608,0.72,0.269,-0.056,0.201,4.237,3.251,3.32,3.186,2.772,3.626
01.03.2016,2.664,1.69,0.088,3.498,2.707,0.073,3.98,3.594,4.038,2.618,3.283,3.572,3.999,0.684,1.009,3.463,4.032,3.792,4.016,4.087,4.129,4.01,3.381,1.246,0.741,3.864,4.056,3.759,3.658,3.716,3.872,3.959,4.094,4.108,4.124,4.131,3.856,3.824,3.592,3.847,1.644,3.436,3.192,3.427,2.62,1.504,0.397,1.463,0.695,1.407,1.213,0.561,0.279,0.095,0.593,4.16,3.872,3.909,3.782,3.842,3.759
01.04.2016,4.62,4.015,1.013,6.663,4.881,0.934,5.822,4.898,5.88,4.203,4.755,5.043,6.539,3.003,3.189,6.8,5.648,6.092,6.042,5.375,5.666,6.029,6.192,2.247,2.087,6.025,5.518,6.793,6.746,6.684,5.876,5.874,6.229,6.045,5.61,5.63,5.194,5.045,5.253,5.59,3.627,4.753,4.705,4.871,4.14,3.402,2.723,3.424,3.992,3.017,2.249,2.117,1.922,0.694,2.042,5.821,7.013,7.093,6.76,6.762,5.659
01.05.2016,9.202,11.257,3.541,11.939,9.094,3.092,10.098,9.881,10.555,9.46,8.935,10.009,11.209,9.966,9.638,11.705,11.519,11.929,11.664,10.791,10.206,9.56,11.449,4.931,4.801,11.371,9.736,11.293,11.539,11.562,10.334,10.432,10.967,10.68,10.026,10.479,10.688,10.511,10.026,11.622,10.982,9.912,9.907,9.363,9.378,9.818,9.896,9.769,10.749,6.144,5.347,5.713,5.509,2.845,5.917,10.661,11.441,11.758,11.671,11.689,10.692
01.06.2016,13.477,15.073,7.473,16.742,14.154,7.509,15.389,13.828,15.771,13.087,13.447,14.725,15.367,13.476,13.421,16.735,16.04,15.601,15.977,15.349,15.247,13.079,15.954,10.081,10,14.935,14.978,16.331,16.5,16.678,15.388,15.502,15.994,15.926,15.057,15.528,15.035,14.66,14.45,15.108,14.974,13.567,13.588,13.743,13.084,13.339,13.126,12.378,15.104,10.342,10.309,10.494,10.265,8.545,10.362,15.419,16.32,16.77,16.69,16.841,15.377
01.07.2016,16.924,18.782,13.822,17.824,15.274,14.085,18.252,18.11,17.81,17.793,17.592,18.121,19.474,16.237,16.212,17.723,18.391,19.426,18.433,18.307,18.34,18.328,16.99,16.213,15.727,19.091,18.036,17.271,17.217,17.828,18.225,18.374,18.681,18.258,18.261,18.332,18.181,18.438,15.953,18.625,18.39,18.256,18.117,18.272,17.316,16.842,15.957,17.134,18.038,15.687,15.959,15.946,15.831,15.464,15.939,18.545,18.672,18.567,17.561,17.967,18.235
01.08.2016,16.651,18.665,14.095,17.393,13.756,14.334,17.72,17.342,17.53,16.96,15.634,16.931,20.33,17.14,17.48,17.489,18.596,20.423,18.958,18.126,18.302,19.013,15.103,15.415,15.492,19.992,17.902,16.937,17.092,17.787,17.726,18.007,18.471,18.113,18.186,18.235,17.715,17.561,14.349,18.882,18.471,17.738,16.995,17.142,17.042,17.049,17.306,17.828,17.437,14.841,16.336,15.22,16.344,15.302,13.444,18.721,18.575,18.557,17.854,17.918,17.181
01.09.2016,15.688,17.37,12.357,17.558,14.912,12.271,18.024,16.54,18.14,15.784,14.968,16.635,17.953,15.436,15.625,17.492,17.901,18.47,18.135,17.608,17.947,16.97,16.505,14.06,13.261,18.075,17.87,17.181,17.398,17.858,17.993,18.075,18.043,18.344,18.028,18.122,17.228,16.944,16.369,18.073,17.194,16.731,15.972,15.957,16.031,16.027,15.578,15.487,14.93,14.434,14.282,13.306,13.323,12.372,13.214,18.219,18.025,18.39,18.039,17.852,17.405
01.10.2016,10.906,12.102,9.413,12.215,9.908,9.369,13.703,11.732,13.778,11.189,11.057,11.875,10.977,10.801,11.044,12.044,12.537,11.946,12.728,12.838,13.551,11.279,10.892,10.532,9.983,11.78,13.396,11.67,12.015,12.3,13.583,13.369,12.812,13.215,13.45,13.146,12.467,12.074,12.085,12.609,12.044,11.134,11.186,10.834,11.103,11.122,10.567,10.991,7.885,10.607,10.718,9.632,9.974,9.583,9.764,13.627,12.991,13.07,12.56,11.822,12.729
01.11.2016,6.765,6.722,5.884,7.215,5.824,5.78,9.551,8.115,9.421,6.862,7.164,7.796,8.289,5.787,5.978,6.898,9.428,8.692,9.374,8.861,9.745,8.402,6.258,6.544,6.281,9.018,9.487,6.853,6.976,7.432,9.582,9.442,8.942,9.439,9.651,9.719,8.545,8.273,8.278,8.515,6.963,8.229,7.491,7.328,6.565,6.086,5.035,6.665,2.197,6.848,6.795,5.938,5.74,5.547,6.211,9.949,8.056,7.98,7.655,7.187,8.46
01.12.2016,4.565,3.747,2.877,5.285,4.073,3.18,6.422,6.311,6.771,4.484,5.023,5.596,5.52,2.989,3.318,5.124,6.987,5.909,6.68,6.777,7.289,5.813,4.512,4.417,3.958,5.975,7.435,5.71,5.62,5.24,6.521,6.519,6.835,6.955,7.555,6.498,6.319,6.014,6,6.516,3.825,6.033,5.516,5.166,4.341,3.957,2.47,3.34,1.273,4.454,4.127,3.664,2.961,2.7,3.87,7.651,5.365,5.235,5.319,4.967,5.913
01.01.2017,3.007,1.821,1.206,3.619,2.985,1.432,4.211,4.567,4.523,3.228,3.822,3.899,3.114,1.336,1.842,3.291,4.458,3.176,4.397,4.776,5.052,3.416,2.423,2.907,2.804,3.599,5.53,3.658,3.703,3.462,4.15,4.171,4.222,4.526,5.289,4.546,4.591,4.47,4.152,4.625,1.817,4.863,4.115,4.009,3.207,2.601,0.469,1.974,0.31,2.804,2.91,2.298,1.57,0.577,1.984,5.077,3.163,3.241,3.28,2.761,4.003
01.02.2017,2.091,0.414,0.14,1.963,2.465,0.212,2.981,3.092,2.861,2.052,2.585,2.784,2.735,0.257,0.705,1.726,3.143,2.343,3.06,3.483,3.748,3.18,1.711,1.653,1.376,2.789,3.845,2.068,2.07,2.035,2.859,2.679,2.362,3.066,3.879,3.415,3.192,3.137,3.013,3.278,0.619,3.279,2.761,2.608,1.957,1.373,0.065,0.808,0.133,1.424,1.564,0.844,0.44,0.041,0.677,3.682,2.223,2.219,2.099,2.354,2.901
01.03.2017,2.668,1.075,0.117,3.515,2.757,0.09,3.65,3.368,3.769,2.332,2.598,3.116,3.751,0.491,0.801,3.34,3.622,3.53,3.633,3.608,3.884,3.79,3.184,1.541,1.278,3.681,3.671,3.497,3.444,3.827,3.623,3.649,3.706,3.732,3.832,3.801,3.573,3.49,3.387,3.384,0.962,3.53,2.924,2.789,2.263,1.5,0.216,1.217,1.077,1.462,1.433,0.669,0.474,-0.02,0.956,3.883,4.051,4.155,4.023,3.854,3.459
01.04.2017,4.246,3.456,0.493,6.43,4.698,0.652,5.331,4.433,5.22,3.512,4.173,4.363,6.016,1.919,2.413,6.435,5.165,5.876,5.276,4.692,5.06,5.964,5.82,2.19,1.745,5.875,4.908,6.227,6.45,6.688,5.493,5.568,5.547,5.389,4.972,4.975,4.691,4.523,4.715,5.456,2.886,4.61,4.188,4.239,3.35,2.825,1.6,2.915,3.59,2.692,2.076,1.784,1.801,0.175,2.023,5.254,7.358,7.424,6.98,6.676,4.872
01.05.2017,7.574,8.692,2.036,10.816,8.159,2.15,8.861,7.653,9.094,6.686,7.309,7.86,10.927,6.058,6.14,10.967,8.966,9.815,9.358,8.23,8.3,8.515,9.803,4.2,4.504,9.355,8.186,10.32,10.626,11.015,9.006,9.399,9.315,9.07,8.222,8.406,8.205,8.093,8.203,9.483,8.203,7.776,7.166,7.426,6.778,6.471,5.959,6.326,8.311,5.415,4.305,4.441,4.651,1.363,4.627,8.952,10.738,10.939,10.694,10.547,8.179
01.06.2017,11.961,13.52,6.911,14.39,12.239,6.071,13.28,12.744,12.774,11.332,12.428,12.981,15.235,10.369,10.13,14.649,13.128,15.486,13.583,12.238,12.825,14.723,12.942,8.527,8.987,14.986,12.671,14.024,14.186,14.803,13.535,13.864,13.808,13.589,12.628,12.362,12.377,13.011,10.477,14.099,12.808,12.843,12.35,12.737,11.226,10.59,10.429,12.314,13.33,9.254,8.823,9.257,9.477,6.45,9.689,13.525,15.89,15.899,15.161,15.536,12.261
01.07.2017,15.325,17.298,12.452,16.628,15.497,12.521,15.852,16.251,16.158,15.579,15.575,16.015,18.036,14.72,14.497,16.791,16.414,18.368,16.776,15.651,16.028,16.769,16.21,13.814,13.883,17.881,15.177,16.316,16.466,16.926,15.965,16.13,16.735,16.477,15.753,15.937,15.632,16.089,15.051,16.985,16.834,16.553,15.846,15.57,15.633,14.896,14.91,14.736,16.702,14.131,14.374,13.736,14.257,12.504,14.153,16.307,17.791,17.73,17.183,17.143,15.448
01.08.2017,16.551,18.391,13.886,17.52,14.833,14.067,17.606,17.171,17.755,17.264,16.277,17.118,19.344,16.521,16.808,17.471,18.134,18.979,18.564,17.741,17.831,18.234,16.619,15.432,14.731,18.444,17.616,16.904,17.144,17.782,17.566,17.781,17.977,17.829,17.872,17.908,17.374,17.325,14.726,18.433,18.223,17.537,17.23,17.347,17.454,16.934,16.608,18.056,17.379,15.731,15.972,14.58,15.072,13.923,15.242,18.187,18.516,18.319,18.061,17.841,17.222
01.09.2017,14.515,15.487,11.741,15.806,14.855,12.006,15.378,15.071,15.518,14.913,14.728,14.781,17,14.52,14.658,15.854,16.771,17.525,16.886,16.257,16.139,16.63,15.044,13.069,13.034,16.832,15.174,15.294,15.518,15.994,15.312,15.476,15.838,15.965,16.039,16.343,15.441,15.036,14.399,16.939,15.731,15.653,15.121,14.489,15.208,14.888,14.702,13.347,13.836,13.934,13.589,12.686,13.413,11.513,13.02,16.399,16.687,16.718,16.389,15.94,15.216
01.10.2017,11.289,12.092,9.042,12.012,11.125,9.347,13.002,11.408,12.722,11.661,11.872,11.577,13.207,10.939,11.101,11.91,13.408,13.618,13.492,12.911,12.648,12.611,11.749,9.992,10.143,13.239,12.034,11.441,11.709,12.399,12.988,13.042,13,12.899,12.283,12.738,12.391,11.578,11.901,13.639,12.243,12.238,11.668,11.558,11.92,11.763,10.973,11.553,9.149,11.3,10.207,10.242,10.295,8.726,10.156,13.278,13.393,13.596,12.93,12.315,11.535
01.11.2017,7.689,8.519,5.404,8.438,7.17,5.525,9.839,8.836,9.689,8.039,8.144,8.337,9.461,6.99,7.539,8.219,10.327,9.714,10.106,9.501,10.172,9.026,8.005,6.272,6.6,9.578,9.656,8.36,8.406,8.864,9.915,9.881,9.558,9.707,9.644,8.893,8.571,8.926,8.728,10.397,8.516,9.267,8.028,8.166,8.082,8.208,6.257,8.107,5.098,7.578,7.121,6.618,6.338,5.27,7.05,10.256,9.599,9.336,9.049,8.272,8.056
01.12.2017,4.983,5.411,2.91,5.49,4.789,2.815,6.6,6.023,7.011,5.958,6.154,5.762,6.006,3.935,4.76,5.301,7.383,5.974,6.853,7.041,7.245,5.469,4.842,4.38,4.613,5.942,7.318,5.183,5.285,5.442,6.707,6.857,6.628,6.945,7.02,6.553,6.142,6.136,5.956,7.573,5.152,6.534,5.879,5.875,6.159,5.702,3.249,5.093,2.689,5.249,4.82,4.189,4.265,2.68,4.046,7.268,5.347,5.289,5.323,4.878,6.11
01.01.2018,3.35,2.819,0.901,3.693,3.427,0.884,4.991,4.635,5.09,4.224,4.558,4.476,4.526,1.763,2.48,3.54,5.168,4.301,4.857,5.309,5.477,4.504,3.578,3.162,2.824,5.049,5.769,3.538,3.699,3.693,4.915,5.154,4.502,4.586,5.621,5.264,4.834,4.618,4.707,5.522,2.934,4.777,4.315,4.413,4.232,3.388,1.033,3.022,0.791,3.403,2.989,2.485,2.231,0.87,2.044,5.549,3.896,3.924,3.759,3.736,4.886
01.02.2018,2.032,0.449,-0.094,1.912,1.884,-0.094,3.415,3,3.824,2.545,2.666,3.14,3.083,0.017,0.317,1.76,3.582,2.819,3.388,3.802,4.094,3.113,1.908,1.634,0.7,3.379,4.377,1.698,1.835,2.303,3.447,3.643,2.95,3.195,4.121,3.916,3.602,3.317,3.243,3.446,0.633,2.825,2.885,3.199,2.315,0.688,-0.041,1.054,-0.153,1.252,1.378,0.372,0.227,-0.073,0.521,4.223,2.692,2.55,2.464,2.172,3.531
01.03.2018,1.266,0.12,-0.044,0.58,0.429,-0.053,1.81,1.624,1.857,1.032,1.65,1.72,2.509,0.064,0.291,0.45,2.161,1.766,2.101,2.478,2.472,2.668,0.523,0.134,-0.118,2.673,2.118,0.439,0.605,0.913,1.571,1.287,1.615,1.805,2.625,2.53,2.522,2.066,1.585,1.811,0.093,1.413,1.448,1.835,0.834,0.082,0.049,0.957,-0.067,0.156,0.182,-0.06,-0.058,-0.042,-0.058,2.481,1.193,1.242,0.921,0.704,1.987
01.04.2018,3.508,2.873,0.316,5.113,3.656,0.291,4.122,3.616,4.119,3.254,3.513,4.012,6.234,2.051,2.357,5.037,4.346,5.313,4.65,3.889,3.789,4.828,4.333,1.362,1.245,4.89,3.756,4.523,4.786,5.684,4.08,4.162,4.683,4.339,3.745,3.877,3.876,3.823,3.758,4.233,2.077,3.666,3.625,3.745,3.1,2.482,1.912,2.98,2.612,1.979,1.427,1.47,1.593,0.278,1.082,4.321,5.234,5.344,5.492,5.683,4.037
01.05.2018,9.572,12.424,2.792,13.879,10.918,2.369,10.73,9.685,11.51,9.127,9.748,10.087,11.61,9.348,9.383,14.002,11.15,12.528,11.64,10.104,10.233,9.569,11.593,4.922,6.303,11.661,10.259,13.404,13.594,12.906,10.863,11.624,11.445,11.135,10.226,10.417,10.277,9.859,9.79,11.708,11.121,9.763,9.677,9.577,9.454,9.411,9.724,9.077,11.132,6.767,5.651,7.184,7.098,2.254,7.183,10.273,11.329,12.266,12.578,12.784,10.171
01.06.2018,14.003,15.338,7.717,17.542,14.29,6.471,17.058,15.193,16.348,13.686,14.361,15.452,17.371,12.787,13.025,17.788,16.753,17.792,17.085,16.524,16.329,14.989,16.087,10.507,10.883,17.532,16.129,17.02,17.318,17.822,16.964,16.85,16.454,16.589,16.455,16.686,16.242,15.757,14.347,16.076,15.463,14.851,14.412,14.968,13.355,12.541,12.139,14.157,14.999,10.839,10.17,9.889,10.218,8.365,11.443,15.689,16.561,17.397,16.954,17.203,16.307
01.07.2018,17.86,18.884,16.916,19.997,19.036,16.559,19.527,18.217,19.292,17.922,19.143,19.288,19.957,18.76,17.806,19.857,18.857,20.046,18.805,19.093,19.11,18.932,19.298,16.723,17.017,19.248,19.194,19.817,19.901,19.963,19.557,19.444,19.362,19.36,19.204,19.159,18.867,18.619,18.708,18.311,18.914,17.554,18.048,18.854,17.722,17.595,18.904,14.745,19.595,16.555,16.139,17.08,17.363,17.738,17.108,19.161,19.9,19.811,19.729,20.195,19.184
01.08.2018,18.227,20.327,15.49,19.364,17.243,15.6,20.053,19.284,19.758,18.993,18.559,19.503,21.676,17.828,17.71,19.579,20.038,21.58,20.681,19.453,19.985,20.984,18.466,17.495,16.337,21.066,19.923,18.308,18.496,19.739,19.96,20.05,20.561,20.164,20.145,20.167,19.287,19.56,17.158,20.273,20.103,19.1,18.992,19.541,18.842,18.475,18.461,18.298,18.924,16.927,16.746,15.238,16.344,15.989,16.429,20.523,20.769,20.545,20.192,20.116,19.712
01.09.2018,15.19,17.27,13.216,15.89,12.255,12.578,17.202,16.05,16.902,15.927,14.098,15.599,18.764,15.557,16.256,15.829,17.564,18.895,18.156,16.827,17.283,18.077,13.914,14.446,13.567,18.731,17.015,14.981,15.383,16.1,17.242,17.175,17.425,17.356,17.103,17.375,16.049,16.24,13.074,18.111,17.175,16.603,15.985,15.608,16.178,16.019,16.262,17.194,15.478,14.201,15.021,13.466,14.439,13.606,11.999,17.915,17.421,17.245,16.504,16.266,15.594
01.10.2018,10.884,12.71,8.996,12.162,7.966,8.663,12.644,11.377,12.889,11.175,9.767,10.918,13.834,11.599,11.788,12.122,13.317,14.162,13.896,12.997,13.112,13.369,9.407,9.161,9.816,13.864,12.723,11.863,12.001,12.361,12.723,12.823,13.338,13.016,13.089,12.892,11.974,11.598,9.117,13.972,12.435,12.131,11.406,10.069,11.892,12.189,11.755,12.69,9.44,9.847,10.496,8.746,9.868,9.693,7.095,13.529,12.975,12.933,12.487,12.124,10.858
01.11.2018,7.91,8.836,6.819,8.658,6.957,6.477,9.884,8.869,9.986,8.855,7.982,7.62,10.216,7.709,7.952,8.494,10.625,9.996,10.813,10.256,10.11,9.706,7.398,6.876,7.038,10.008,9.675,8.294,8.677,8.841,9.859,9.745,9.683,9.917,9.989,10.145,9.61,8.996,8.17,10.865,8.752,9.077,8.57,7.648,8.687,8.456,7.536,8.595,5.565,7.223,7.541,6.957,7.158,6.926,5.405,10.355,9.347,9.259,8.931,8.555,9.682
01.12.2018,4.873,4.799,4.159,4.927,4.352,4.109,6.672,6.12,6.89,6.09,5.836,5.465,6.469,4.025,4.306,4.503,7.41,5.938,6.973,7.098,7.658,5.95,4.222,4.958,4.924,6.251,7.363,4.507,4.814,5.177,6.547,6.6,5.94,6.378,7.711,7.398,6.676,6.434,5.665,7.232,4.792,6.21,5.761,5.646,5.972,4.87,2.856,5.083,1.558,5.292,5.388,4.662,3.968,2.803,3.732,7.704,5.656,5.67,5.391,4.967,6.648
01.01.2019,3.028,2.123,1.396,3.403,2.527,1.706,4.548,4.468,4.667,3.738,3.675,4.172,3.905,0.984,1.699,3.373,5.036,4.055,4.921,5.22,5.467,4.043,1.825,3.707,2.983,4.406,4.406,3.316,3.42,3.554,4.518,4.492,4.426,4.784,4.968,4.697,5.07,4.891,3.855,4.307,2.086,4.698,4.314,4.09,3.513,2.673,0.468,2.724,0.093,3.105,2.91,3.082,2.279,1.309,1.986,5.63,3.84,3.754,3.686,3.141,4.237
01.02.2019,2.319,0.789,0.421,2.711,2.388,0.271,3.562,3.543,3.542,2.702,2.665,3.197,3.112,0.192,1.016,2.532,3.784,3.118,3.524,4.108,3.939,2.948,2.165,2.232,1.472,3.44,3.848,2.672,2.797,2.909,3.46,3.582,3.423,3.524,3.862,3.921,3.856,3.691,3.368,3.437,1.096,3.865,3.226,2.948,2.465,1.524,0.252,1.955,0.038,1.385,1.48,1.115,0.305,0.362,0.694,4.346,3.075,3.158,2.97,2.951,3.272
01.03.2019,2.705,1.018,0.218,3.98,2.963,0.199,4.121,3.353,4.227,2.393,2.608,3.168,4.061,0.539,0.994,3.95,3.783,3.86,3.904,3.984,4.158,4.037,3.512,1.501,0.873,4.052,4.056,3.876,4.041,4.366,4.163,4.198,4.27,4.237,4.026,3.871,3.651,3.501,3.652,3.456,1.21,3.482,2.959,2.917,2.386,1.584,0.37,1.693,0.438,1.5,0.656,0.771,0.368,0.158,0.521,4.271,4.659,4.746,4.694,4.401,3.551
01.04.2019,4.729,4.449,0.953,7.407,4.652,0.778,6.021,4.808,6.047,3.863,3.827,4.794,6.324,2.961,3.173,7.36,5.613,6.098,5.766,5.214,5.39,5.538,5.935,2.402,2.31,5.811,5.454,7.25,7.361,7.422,6.123,6.077,6.146,6.083,5.482,5.328,5.076,4.904,4.996,5.817,4.115,4.87,4.322,4.31,4.087,3.549,2.875,3.881,4.142,2.677,1.898,2.175,2.134,0.664,1.967,5.739,6.846,7.147,7.187,7.062,5.207
01.05.2019,7.588,8.7,2.452,10.211,8.482,2.379,8.549,7.753,8.789,7.026,7.334,7.756,9.084,7.072,6.427,10.187,8.881,9.176,9.007,7.604,7.742,8.547,9.691,4.955,4.429,8.766,7.85,9.646,9.862,10.361,8.791,9.076,8.865,8.751,7.939,7.69,7.583,7.761,7.617,9.138,8.344,7.939,7.518,7.389,7.055,6.783,7.244,5.843,9.18,5.962,4.929,4.586,5.089,2.095,4.492,8.186,10.429,10.614,10.387,10.432,7.707
01.06.2019,13.26,16.61,7.423,15.539,13.342,7.261,14.711,13.979,15.039,12.89,13.063,13.876,16.362,12.462,12.546,15.608,16.465,15.987,17.058,14.937,14.714,14.764,15.58,9.674,9.276,15.861,14.463,14.63,14.68,15.87,14.838,14.999,15.854,15.458,14.771,15.153,14.493,14.615,13.296,16.418,15.73,14.305,14.178,13.522,12.943,12.963,13.076,13.433,15.502,10.831,9.308,9.635,9.647,8.586,10.728,15.652,16.148,16.355,15.936,16.598,14.444
01.07.2019,16.184,17.58,14.217,18.068,15.39,14.396,17.018,16.791,16.446,16.271,16.315,16.051,19.708,16.756,16.83,17.86,17.518,20.11,17.832,16.745,17.265,17.63,16.505,15.174,14.108,19.219,16.271,17.342,17.478,17.735,17.133,17.241,17.652,17.06,16.569,17.168,16.683,16.929,15.466,17.837,17.405,16.905,16.328,16.432,16.611,16.637,16.875,16.465,18.227,14.51,14.541,14.379,14.444,14.692,14.871,17.354,18.3,18.283,17.911,18.506,16.777
01.08.2019,17.036,18.698,14.522,18.47,16.266,13.429,18.708,18.063,18.95,17.167,17.402,17.762,20.03,16.99,16.757,18.539,19.647,19.851,19.665,19.096,19.141,19.02,18.567,16.098,14.792,19.439,18.396,17.522,17.835,18.796,18.737,18.966,19.246,19.231,18.936,19.377,18.76,18.253,17.388,19.53,18.544,18.111,17.53,17.728,17.322,17.487,16.792,16.17,18.329,16.606,13.934,15.267,15.146,14.368,16.069,19.518,19.408,19.453,18.954,19.008,18.836
01.09.2019,14.791,16.867,12.577,15.308,12.111,11.957,16.337,15.377,15.651,15.034,13.415,15.136,17.571,15.086,15.536,15.243,17.032,18.034,17.274,16.316,16.65,17.012,13.508,14.351,13.779,17.377,16.001,14.607,14.872,15.678,16.328,16.374,16.486,16.082,16.619,16.77,15.586,15.647,12.848,17.392,16.56,16.085,15,15.116,15.62,15.681,15.605,16.685,14.545,14.018,14.714,13.605,14.187,13.133,11.316,17.063,16.829,16.672,15.954,15.825,15.796
01.10.2019,11.01,12.928,8.436,11.793,10.18,8.233,13.26,11.779,12.129,11.05,11.065,11.115,14.149,11.071,11.345,11.636,13.608,14.425,13.918,12.648,13.164,13.466,11.087,9.665,9.977,14.064,12.284,11.143,11.596,12.312,13.367,12.972,13.22,12.723,12.677,13.07,11.782,12.025,11.216,14.004,12.887,12.189,11.123,10.722,11.798,11.91,11.077,12.208,8.202,10.479,10.216,9.055,9.549,8.703,9.494,13.738,13.391,13.194,12.771,12.182,11.761
01.11.2019,7.762,9.47,5.293,8.387,7.003,5.178,10.451,9.016,10.138,8.552,8.403,8.229,10.635,7.018,7.692,8.163,10.821,10.512,10.8,10.367,10.302,9.901,8.062,6.471,6.412,10.544,9.666,7.831,8.233,9.002,10.553,10.369,9.822,10.148,10.312,10.438,9.705,9.083,8.779,11.445,9.283,9.421,8.153,8.109,8.945,8.8,6.718,8.343,4.506,7.429,7.276,5.959,5.37,5.095,6.83,10.811,9.77,9.53,9.421,8.84,9.214
01.12.2019,5.353,5.808,2.849,5.632,5.503,3.015,7.265,6.351,7.445,6.459,6.582,6.308,6.872,5.368,5.234,5.435,7.81,6.758,7.464,7.348,7.883,6.319,5.775,4.49,4.379,6.853,7.747,5.506,5.607,5.9,7.316,7.291,6.887,7.378,7.739,7.34,6.732,6.456,6.71,7.846,5.77,6.766,6.295,6.245,6.523,6.201,4.002,5.394,2.923,5.464,5.21,3.873,3.621,2.23,4.169,8.084,6.307,6.217,6.061,5.673,6.777
01.01.2020,4.415,4.161,1.375,5.123,4.892,2.019,5.515,5.449,5.976,5.54,5.48,5.268,5.101,4.063,4.319,4.911,6.038,5.08,5.826,5.757,6.244,5.017,4.666,3.416,3.544,5.296,6.405,5.006,5.151,5.191,5.565,5.647,5.778,5.944,6.209,5.945,5.456,5.357,5.56,6.197,4.236,5.657,5.472,5.371,5.386,5.196,3.181,4.4,2.431,4.155,3.733,2.963,2.566,1.558,2.99,6.371,5.03,5.159,5.231,4.912,5.509
01.02.2020,3.79,3.418,0.577,4.888,4.12,0.741,5.228,4.865,5.646,4.506,4.929,4.728,4.8,2.572,3.134,4.761,5.376,4.777,5.286,5.036,5.578,4.957,4.704,2.707,2.579,4.995,5.711,4.751,4.81,5.05,5.26,5.47,5.452,5.58,5.551,5.368,4.916,4.831,5.01,5.161,3.441,4.933,4.727,4.764,4.402,4.018,1.734,3.326,1.732,3.255,2.992,2.099,1.77,0.214,2.252,5.651,4.987,5.138,4.98,4.814,5.061
01.03.2020,3.747,3.568,0.267,5.014,4.017,0.323,5.384,4.753,5.485,4.179,4.447,4.721,5.146,2.172,2.793,4.968,5.214,5.063,5.231,5.101,5.306,5.197,4.698,2.493,2.129,5.135,5.39,4.862,5.009,5.263,5.377,5.447,5.468,5.465,5.348,5.213,4.988,4.811,4.826,5.034,3.528,4.867,4.567,4.515,4.112,3.471,1.659,3.046,2.274,3.026,2.512,1.576,1.159,0.09,2.11,5.484,5.503,5.559,5.377,5.217,4.891
01.04.2020,5.104,5.012,0.874,7.161,5.742,0.832,7.106,5.548,6.818,4.807,5.428,5.681,6.844,3.52,3.811,7.161,6.025,6.496,6.273,5.939,6.399,6.596,6.773,2.946,2.778,6.338,6.493,6.837,6.996,7.528,7.186,7.097,6.839,6.953,6.401,6.234,5.791,5.621,6.069,6.207,4.825,5.677,5.388,5.391,4.726,4.349,3.246,4.375,4.707,3.779,2.975,2.473,2.415,0.525,2.865,6.505,7.951,7.99,7.667,7.739,6.078
01.05.2020,8.046,8.372,2.489,10.422,8.94,2.42,9.91,8.092,9.559,7.407,8.189,8.413,9.934,7.031,7.14,10.216,8.665,9.681,9.114,8.422,9.255,9.798,10.285,5.237,5.626,9.735,8.986,9.913,10.043,10.86,10.204,10.042,10.146,9.996,9.176,9.079,8.218,8.017,8.537,8.983,8.172,8.17,8.105,8.104,7.475,7.058,6.932,7.272,8.778,6.33,5.433,5.311,5.852,1.778,5.452,9.39,11.499,11.518,11.284,11.128,8.595
01.06.2020,13.982,15.372,9.918,16.621,15.438,8.963,14.651,13.689,14.668,13.193,13.611,13.825,14.328,14.57,13.286,16.567,14.345,15.015,14.471,13.694,13.992,12.697,15.599,13.314,12.542,14.181,13.932,16.213,16.356,16.686,14.664,15.135,14.743,14.715,14.061,13.648,13.561,13.443,13.603,14.726,15.598,13.552,13.47,12.869,13.09,13.128,15.065,10.669,17.428,13.612,13.224,11.786,11.563,9.203,12.786,14.212,15.803,16.233,16.412,16.671,13.459
01.07.2020,15.863,17.638,13.412,16.064,14.064,13.684,16.588,15.998,16.059,15.882,14.748,15.687,18.416,15.757,15.931,16.349,16.622,18.108,17.072,16.18,16.436,17.299,15.106,14.913,14.395,18.039,15.843,15.318,15.535,16.433,16.51,16.628,16.828,16.743,16.178,16.297,15.974,15.989,13.359,17.415,17.333,16.279,16.2,16.163,16.375,16.323,16.415,17.337,18.37,15.176,15.165,14.216,14.973,14.422,14.445,16.742,17.734,17.599,16.914,17.082,15.608
01.08.2020,18.234,19.351,15.409,19.045,17.157,15.649,19.016,18.784,19.178,18.593,18.057,18.662,19.403,18.004,17.999,19.161,19.336,19.942,19.533,19.132,19.41,17.639,17.865,17.109,16.443,19.12,18.942,18.37,18.655,19.158,18.961,19.146,19.051,19.184,19.476,19.242,18.852,18.954,17.167,19.903,19.281,18.933,18.714,18.653,18.734,18.578,18.085,18.707,19.483,17.407,17.002,16.012,16.69,15.895,16.951,19.437,19.436,19.605,19.364,19.842,18.71
01.09.2020,15.067,16.583,12.535,15.847,12.803,11.868,17.142,15.473,16.934,15.201,14.2,15.403,17.152,14.96,15.125,15.766,16.856,17.513,16.978,16.525,17.068,17.018,15.302,13.689,13.339,17.311,16.681,15.121,15.294,16.434,17.152,17.099,17.352,17.248,17.006,16.954,15.952,15.72,14.541,17.144,16.529,15.855,15.51,15.216,15.377,15.381,15.042,15.479,14.912,13.782,13.997,12.96,13.262,13.02,13.119,17.494,17.453,17.519,17.004,16.768,16.072
01.10.2020,12.033,13.914,9.354,12.837,11.306,8.951,14.59,13.047,14.528,12.475,12.235,12.653,12.918,12.236,12.219,12.606,13.941,13.336,13.849,14.053,14.29,12.754,12.495,10.731,10.243,12.899,14.141,12.158,12.517,13.083,14.586,14.574,14.143,14.455,14.359,14.236,13.511,13.318,13.024,14.671,13.646,13.406,12.75,12.251,12.452,12.76,12.334,12.057,10.29,11.016,11.018,9.605,9.962,9.679,9.63,14.723,13.892,13.75,13.49,12.842,13.819
01.11.2020,9.073,10.374,6.377,9.331,8.518,6.525,11.295,10.265,11.334,9.784,9.688,9.655,10.409,9.221,9.359,9.137,11.121,10.357,10.951,10.903,11.44,10.494,9.775,7.072,7.475,10.447,11.222,9.186,9.426,9.569,11.359,11.358,10.513,11.008,11.271,11.089,10.512,10.326,10.256,11.423,10.028,10.553,10.045,9.805,9.882,9.84,8.634,9.839,7.071,8.907,8.241,7.458,8.048,6.257,7.318,11.208,10.387,10.228,9.881,9.463,10.978
01.12.2020,5.979,5.947,4.772,6.114,5.999,4.718,7.743,7.141,7.695,7.292,6.998,6.787,7.324,5.008,5.377,6.01,7.969,6.988,7.744,8.169,8.366,7.025,6.376,5.798,5.836,7.545,8.693,6.069,6.138,6.095,7.646,7.56,6.628,7.138,8.791,7.864,7.878,7.24,7.615,7.986,5.809,7.36,7.208,6.886,7.294,6.471,3.839,6.252,3.012,6.286,6.026,5.706,5.931,3.338,5.161,8.528,6.35,6.129,6.053,6.1,7.785